Date,Site,Depth,Temp_C,P_mmHG,DO_perc,DO_mgL,Conductivity,pH,Chlorophyll,PC
22-06-01,1,0,20.8,739,105.5,9.42,811,8.63,5.55,0.13
22-06-01,1,0.5,20.8,739.3,104.9,9.37,811,8.62,5.43,0.1
22-06-01,1,0.75,20.8,739.2,105.4,9.41,811,8.63,7.81,0.23
22-06-01,1,1,20.8,739.2,105.8,9.44,811,8.64,6.45,0.16
22-06-01,1,1.25,20.8,739.2,106.1,9.47,811,8.63,7.2,0.19
22-06-01,1,1.5,20.8,739.2,105.8,9.45,811,8.63,7.7,0.25
22-06-01,1,1.75,20.8,739.1,106,9.46,811,8.63,7.49,0.2
22-06-01,1,2,20.8,739.3,106.1,9.48,811,8.63,7.35,0.18
22-06-01,1,2.25,20.8,739.2,105.8,9.45,811,8.63,6.92,0.12
22-06-01,1,2.5,20.8,739.2,106.3,9.49,811,8.63,6.96,0.14
22-06-01,1,2.75,20.8,739.2,106.3,9.48,811,8.63,7.14,0.13
22-06-01,1,3,20.8,739.3,104.5,9.34,811,8.62,7.45,0.12
22-06-01,1,3.25,20.7,739.2,102.4,9.11,811,8.59,8.73,0.25
22-06-01,1,3.5,19.9,739.2,49.1,4.48,827,8.12,23.15,2.02
22-06-01,2,0,21.1,739,175.6,15.61,760,8.82,7.23,0.21
22-06-01,3,0,20.8,738.7,151.8,13.56,812,8.71,3.41,0.02
22-06-01,3,0.5,20.7,738.9,153.9,13.88,820,8.66,9.36,0.42
22-06-01,3,0.75,20.7,738.9,178.8,16.01,822,8.88,6.86,0.26
22-06-01,4,0,21.7,738.7,156,14.01,797,8.82,5.18,0.08
22-06-01,4,0.5,21.3,738.6,140.7,12.44,803,8.76,7.67,0.46
22-06-01,4,0.75,21.3,738.6,145.3,12.84,792,8.8,10.84,1.68
22-06-01,4,1,21,738.7,144,12.74,803,8.75,9.19,0.62
22-06-01,4,1.25,20.9,738.6,134,11.96,804,8.73,10.06,0.67
22-06-06,1,0,21.1,731.2,113.4,10.06,804,8.6,10.82,0.43
22-06-06,1,0.5,21.1,731.2,113.5,10.07,804,8.6,10.69,0.44
22-06-06,1,0.75,21.1,731.2,113.5,10.08,804,8.6,12.37,0.51
22-06-06,1,1,21.1,731.2,113.3,10.07,804,8.59,12.51,0.52
22-06-06,1,1.25,21,731.2,113,10.05,804,8.59,12.64,0.48
22-06-06,1,1.5,21,731.2,112.5,10.02,804,8.59,13.07,0.5
22-06-06,1,1.75,21,731.2,112.4,10.01,805,8.58,12.6,0.51
22-06-06,1,2,20.9,731.2,111.9,9.97,805,8.58,12.26,0.45
22-06-06,1,2.25,20.9,731.3,111.2,9.91,805,8.57,12.2,0.41
22-06-06,1,2.5,20.9,731.2,110.7,9.86,805,8.5,11.55,0.35
22-06-06,1,2.75,20.8,731.2,108.5,9.66,805,8.55,10.15,0.15
22-06-06,1,3,20.1,731.2,66.2,5.82,834,7.98,8.19,0.06
22-06-06,1,3.25,19.5,731.2,73.5,6.89,880,7.89,7.58,0
22-06-06,2,0,21.1,731.2,176.8,15.7,748,8.9,8.83,0.24
22-06-06,2,0.5,20.7,731.3,199.2,17.87,741,8.92,12.96,0.72
22-06-06,3,0,20.1,731.3,142.8,12.84,797,8.3,12.87,0.58
22-06-06,3,0.5,19.8,731.2,193.7,17.71,984,8.38,5.18,0.01
22-06-06,4,0,21.3,731.4,162.1,14.35,772,8.81,9.58,0.26
22-06-06,4,0.5,21.2,731.4,163.9,14.58,796,8.82,11.2,0.43
22-06-06,4,0.75,21.1,731.4,243.9,20.9,748,9.04,6.18,0.04
22-06-06,5,0,20.7,731.2,104,9.31,807,8.55,12.95,0.46
22-06-06,5,0.5,20.6,731.2,103.8,9.3,807,8.55,12.03,0.42
22-06-06,5,0.75,20.7,731.2,104.1,9.32,807,8.55,12.37,0.45
22-06-06,5,1,20.7,731.2,103.2,9.32,807,8.54,12.35,0.45
22-06-06,5,1.25,20.6,731.3,103.6,9.28,807,8.53,12.4,0.43
22-06-06,5,1.5,20.6,731.2,103.5,9.27,807,8.52,12.48,0.42
22-06-06,5,1.75,20.6,731.3,102.3,9.17,807,8.51,13.05,0.43
22-06-06,5,2,20.6,731.3,101.2,9.07,807,8.5,13.71,0.47
22-06-06,5,2.25,20.6,731.3,99.3,8.91,807,8.49,13.36,0.42
22-06-06,5,2.5,20.5,731.2,96.5,8.66,806,8.47,12.58,0.38
22-06-06,5,2.75,20.4,731.3,89.6,8.06,807,8.42,11.85,0.25
22-06-06,5,3,20.4,731.2,76.3,6.88,810,8.33,10.44,0.23
22-06-06,6,0,20.7,731.2,107.4,9.61,794,8.58,8.1,0.19
22-06-06,6,0.5,20.7,731.3,108.2,9.67,794,8.57,8.25,0.21
22-06-06,6,0.75,20.7,731.4,109.7,9.81,793,8.58,8.1,0.19
22-06-06,6,1,20.7,731.4,110.9,9.96,791,8.58,8.09,0.27
22-06-06,6,1.25,20.7,731.4,112.1,10.05,790,8.58,8.4,0.17
22-06-06,6,1.5,20.6,731.4,114.4,10.26,785,8.58,7.85,0.1
22-06-06,6,1.75,20.5,731.4,113.3,10.18,782,8.56,15.62,0.47
22-06-06,7,0,20.8,731.3,130.7,11.67,791,8.68,9.09,0.27
22-06-06,7,0.5,20.8,731.3,133.3,11.92,791,8.68,9.18,0.27
22-06-06,7,0.75,20.8,731.3,134.2,11.98,790,8.68,9.15,0.31
22-06-06,7,1,20.8,731.4,136,12.15,790,8.69,9.09,0.29
22-06-06,7,1.25,20.5,731.4,147,13.2,782,8.74,6.96,0.01
22-06-06,7,1.5,20.3,731.3,127.4,11.59,783,8.66,5.87,0.03
22-06-06,8,0,21,731.2,124.1,11.07,776,8.68,4,-0.04
22-06-06,8,0.5,20.8,731.2,122.4,10.93,776,8.61,5.11,0.05
22-06-09,1,0,20.3,737.8,97.7,8.8,800,8.47,7.14,0.22
22-06-09,1,0.5,20.3,737.9,97.7,8.81,800,8.47,7.49,0.25
22-06-09,1,0.75,20.3,737.8,97.9,8.83,800,8.47,7.68,0.28
22-06-09,1,1,20.3,737.8,98.5,8.89,800,8.48,10.01,0.39
22-06-09,1,1.25,20.2,737.8,99.2,8.96,800,8.49,11.92,0.49
22-06-09,1,1.5,20.2,737.8,99.6,9.01,800,8.49,11.3,0.45
22-06-09,1,1.75,20.2,737.8,99.8,9.03,800,8.5,12.05,0.47
22-06-09,1,2,20.1,737.8,100,9.06,799,8.5,12.49,0.5
22-06-09,1,2.25,20,737.8,100.1,9.08,797,8.5,12.39,0.49
22-06-09,1,2.5,20,737.8,99.8,9.06,797,8.5,11.86,0.47
22-06-09,1,2.75,20,737.8,99.6,9.04,796,8.5,12.6,0.52
22-06-09,1,3,19.9,737.6,99.3,9.02,796,8.5,12.5,0.5
22-06-09,1,3.25,19.9,737.8,96.3,8.77,794,8.48,13.36,0.64
22-06-09,1,3.5,19.8,737.8,94.8,8.64,794,8.47,14.84,0.83
22-06-09,2,0,19.3,737.8,129.7,11.92,737,8.7,3.42,-0.01
22-06-09,3,0,18.8,737.8,116.3,10.81,656,8.43,15.87,1.87
22-06-09,3,0.5,18.1,737.8,114.2,10.82,699,8.38,13.91,1.69
22-06-09,3,0.75,15.7,737.8,95.7,9.5,710,7.88,9.23,0.72
22-06-09,3,1,15.4,737.8,99.6,9.96,734,7.88,7.87,0.88
22-06-09,4,0,20.5,737.8,122.1,10.98,777,8.62,4.4,0.03
22-06-09,4,0.5,20.4,737.8,121,10.91,777,8.61,5.34,0.04
22-06-09,4,0.75,20.3,737.8,129.4,11.68,777,8.62,5.97,0.19
22-06-09,4,1,19.9,737.8,171.5,15.75,766,8.9,3.35,-0.03
22-06-09,4,1.25,19.8,737.8,142.6,13.04,760,8.86,4.46,0.02
22-06-09,5,0,20.7,737.8,96.4,8.63,801,8.47,5.75,0.11
22-06-09,5,0.5,20.7,737.8,96.4,8.63,801,8.47,7.36,0.19
22-06-09,5,0.75,20.7,737.8,96.3,8.63,801,8.47,8.08,0.22
22-06-09,5,1,20.6,737.9,96,8.61,801,8.47,9.49,0.27
22-06-09,5,1.25,20.6,737.9,96,8.61,801,8.47,11.15,0.3
22-06-09,5,1.5,20.6,737.9,95.6,8.58,801,8.46,11.22,0.31
22-06-09,5,1.75,20.5,737.9,95.2,8.55,801,8.46,10.89,0.29
22-06-09,5,2,20.3,737.9,93.3,8.43,800,8.46,11.33,0.32
22-06-09,5,2.25,20.1,737.9,86.2,7.82,800,8.43,12.01,0.4
22-06-09,5,2.5,20,737.9,80.3,7.31,799,8.4,13.01,0.49
22-06-09,6,0,20.4,737.8,102.9,9.26,790,8.53,4.37,0.04
22-06-09,6,0.5,20.4,737.8,103.1,9.28,790,8.54,6.01,0.07
22-06-09,6,0.75,20.4,737.8,104.8,9.44,788,8.54,5.65,0.09
22-06-09,6,1,20.4,737.8,104.9,9.47,788,8.55,6.68,0.2
22-06-09,6,1.25,20.1,737.8,122.7,11.11,776,8.67,5.44,0.04
22-06-09,6,1.5,19.7,737.8,138.1,12.61,757,8.75,3.97,-0.02
22-06-09,6,1.75,19.6,737.8,117.6,10.76,760,8.66,2.91,-0.03
22-06-09,7,0,20.5,737.9,123.3,11.08,779,8.63,4.61,0.02
22-06-09,7,0.5,20.5,737.8,123.7,11.11,779,8.62,4.6,0.07
22-06-09,7,0.75,20.5,737.8,124.4,11.18,779,8.63,4.65,0.05
22-06-09,7,1,20.5,737.9,125.2,11.25,779,8.63,5.53,0.06
22-06-09,7,1.25,20.5,737.9,126.3,11.36,778,8.64,5.75,0.08
22-06-09,7,1.5,20.5,737.9,130.2,11.7,777,8.65,5.66,0.12
22-06-09,7,1.75,20.4,737.9,150.2,13.57,765,8.83,5.7,0.1
22-06-09,7,2,19.1,737.9,152.5,14.1,751,8.81,4.25,0.06
22-06-09,8,0,20.5,737.8,104.2,9.35,792,8.52,5.7,0.11
22-06-09,8,0.5,20.3,737.8,108.2,9.73,791,8.56,7.31,0.21
22-06-09,8,0.75,20.1,737.8,118.5,10.77,783,8.64,8.63,0.14
22-06-09,8,1,19.5,737.8,147.2,13.49,771,8.73,7.81,0.15
22-06-09,8,1.25,19.2,737.8,126.4,11.63,770,8.68,8.67,0.32
22-06-09,8,1.5,19.2,737.8,101.4,9.5,777,8.44,7.44,0.04
22-06-13,1,0,21.2,734.5,123.6,10.95,785,8.66,14.46,0.38
22-06-13,1,0.5,21.2,734.4,124.7,11.06,785,8.66,15.77,0.43
22-06-13,1,0.75,21.1,734.4,124.8,11.08,785,8.66,15.96,0.47
22-06-13,1,1,21.1,734.4,124.9,11.08,785,8.66,15.52,0.41
22-06-13,1,1.25,21,734.4,124.7,11.08,785,8.66,17.03,0.42
22-06-13,1,1.5,21,734.3,124.4,11.06,785,8.66,16.88,0.39
22-06-13,1,1.75,20.9,734.3,123.2,10.99,785,8.66,18.2,0.34
22-06-13,1,2,20.8,734.3,122.3,10.9,785,8.65,18.38,0.39
22-06-13,1,2.25,20.7,734.3,117.8,10.53,785,8.62,22.55,0.42
22-06-13,1,2.5,20.5,734.5,104.2,9.32,788,8.49,18.56,0.37
22-06-13,1,2.75,20.3,734.5,70.7,6.37,791,8.2,11.64,0.27
22-06-13,1,3,20.2,734.5,58.8,5.3,789,8.07,10.15,0.26
22-06-13,1,3.25,19.9,734.6,59,5.37,777,7.93,8.23,0.15
22-06-13,2,0,21.4,734.5,238.1,21.16,715,9.09,3.12,-0.03
22-06-13,3,0,21.7,734,139,12.16,802,8.47,9.82,0.4
22-06-13,3,0.5,21.5,734.2,127.6,11.23,811,8.37,12.78,0.66
22-06-13,3,0.75,21.1,734.4,110,9.73,831,8.12,13.51,0.58
22-06-13,3,1,20.8,734.5,92.8,8.3,838,7.96,9.69,0.47
22-06-13,4,0,21.6,734.4,142.1,12.49,778,8.78,17.19,0.22
22-06-13,4,0.5,21.6,734.5,143.2,12.58,778,8.78,16.68,0.22
22-06-13,4,0.75,21.6,734.6,144,12.65,777,8.77,16.75,0.22
22-06-13,4,1,21.6,734.8,144.8,12.72,777,8.78,19.73,0.23
22-06-13,4,1.25,21.5,734.8,154.7,13.66,773,8.82,19.8,0.3
22-06-13,4,1.5,21.1,734.7,166,14.75,768,8.88,17.99,0.24
22-06-13,4,1.75,20.9,734.8,160.2,14.29,764,8.85,10.33,0.09
22-06-13,5,0,20.8,734.5,117.6,10.51,781,8.63,6.2,-0.01
22-06-13,5,0.5,20.8,734.7,118.2,10.55,781,8.63,8.52,0.08
22-06-13,5,0.75,20.8,734.8,118.4,10.58,781,8.63,9.23,0.12
22-06-13,5,1,20.8,734.7,118.7,10.61,781,8.63,10.66,0.15
22-06-13,5,1.25,20.8,734.7,118.9,10.64,781,8.64,11.75,0.16
22-06-13,5,1.5,20.7,734.6,119.5,10.7,781,8.64,12.72,0.18
22-06-13,5,1.75,20.7,734.5,119.7,10.71,781,8.64,13.04,0.19
22-06-13,5,2,20.6,734.5,120.6,10.82,782,8.65,15.97,0.25
22-06-13,5,2.25,20.5,734.5,118.1,10.61,784,8.63,18.67,0.35
22-06-13,5,2.5,20.4,734.5,113.2,10.19,786,8.59,20.74,0.46
22-06-13,6,0,20.7,735.5,150.4,13.47,731,8.91,1.73,0.13
22-06-13,6,0.5,20.7,735.5,151.2,13.53,733,8.9,1.87,0.19
22-06-13,6,0.75,20.7,735.6,147.4,13.2,744,8.8,3.62,0.09
22-06-13,6,1,20.5,735.6,137.6,12.33,757,8.71,7.65,0.04
22-06-13,6,1.25,20.5,735.6,130.3,11.7,762,8.66,11.26,0.18
22-06-13,7,0,21.2,734.8,120.6,10.7,784,8.62,3.39,0.1
22-06-13,7,0.5,21.1,735,122.4,10.86,785,8.62,4.26,0.05
22-06-13,7,0.75,20.9,734.8,127.8,11.39,785,8.65,6.85,0.03
22-06-13,7,1,20.7,734.8,129.7,11.6,782,8.67,7.02,0.06
22-06-13,7,1.25,20.6,734.7,123.8,11.11,782,8.64,7.24,0.04
22-06-13,7,1.5,20.6,734.5,125.5,11.25,781,8.65,7.65,0.07
22-06-13,7,1.75,20.5,734.5,134,12.03,782,8.69,7.34,0.01
22-06-13,8,0,20.4,735.2,127.2,11.44,763,8.7,5.24,0.01
22-06-13,8,0.5,20.4,735.4,125.5,11.3,763,8.69,5.39,0.01
22-06-16,1,0,23.7,736.6,116.2,9.81,773,8.67,6.27,0.11
22-06-16,1,0.5,23.7,736.6,116.5,9.84,773,8.67,8.28,0.21
22-06-16,1,0.75,23.7,736.6,116.2,9.81,773,8.66,8.66,0.2
22-06-16,1,1,23.7,736.7,116.6,9.85,773,8.66,8.7,0.18
22-06-16,1,1.25,23.7,736.7,115.7,9.77,773,8.66,8.74,0.19
22-06-16,1,1.5,23.7,736.6,115.1,9.73,773,8.65,8.61,0.17
22-06-16,1,1.75,23.7,736.7,115,9.71,773,8.65,8.7,0.19
22-06-16,1,2,23.7,736.7,115.3,9.74,773,8.65,8.48,0.2
22-06-16,1,2.25,23.7,736.6,114.7,9.69,772,8.65,8.08,0.15
22-06-16,1,2.5,23.7,736.6,113.6,9.6,773,8.64,8.69,0.21
22-06-16,1,2.75,23.6,736.6,112.5,9.51,773,8.63,9.34,0.22
22-06-16,1,3,23.4,736.7,103.4,8.5,779,8.55,11.23,0.33
22-06-16,1,3.25,21.8,736.7,41.5,3.61,805,7.93,12.43,0.48
22-06-16,2,0,22.9,736.6,137.7,11.82,723,8.79,3.6,0.01
22-06-16,3,0,23.4,736.4,75.7,6.43,670,8.05,10.99,0.76
22-06-16,3,0.5,23.4,736.5,78.7,6.7,684,8.1,16.95,1.21
22-06-16,3,0.75,23.4,736.3,81.9,6.99,695,8.3,11.02,0.85
22-06-16,3,1,23.4,736.3,96.5,8.21,721,8.38,22.02,1.66
22-06-16,3,1.25,23.3,736.4,107.3,9.13,752,8.51,13.26,1.08
22-06-16,3,1.5,23.1,736.4,108.2,9.24,773,8.54,15.81,1.34
22-06-16,4,0,23.9,736.3,127.2,10.71,756,8.68,4.57,0.01
22-06-16,4,0.5,23.9,736.3,130.1,10.99,755,8.7,4.41,0.03
22-06-16,4,0.75,23.8,736.3,142.2,11.9,754,8.73,5.75,0.1
22-06-17,5,0,24.8,740.4,111.6,9.25,767,8.71,5.51,0.02
22-06-17,5,0.5,24.8,740.4,111.8,9.26,767,8.71,5.1,0
22-06-17,5,0.75,24.8,740.4,112,9.27,767,8.71,6.05,0.01
22-06-17,5,1,24.7,740.4,112,9.28,767,8.7,6.1,0.05
22-06-17,5,1.25,24.7,740.4,112,9.28,768,8.7,7.3,0.06
22-06-17,5,1.5,24.7,740.4,111.8,9.28,768,8.7,7.22,0.08
22-06-17,5,1.75,24.6,740.4,111.5,9.26,769,8.69,7.67,0.08
22-06-17,5,2,24.4,740.4,110.9,9.25,770,8.68,8.88,0.13
22-06-17,5,2.25,24.3,740.4,109.6,9.14,771,8.67,9.92,0.18
22-06-17,5,2.5,24.2,740.4,106.8,8.93,771,8.65,11.67,0.49
22-06-17,5,2.75,24.2,740.4,103.6,8.66,773,8.63,12.03,0.41
22-06-17,6,0,24.5,740.4,148.4,12.36,741,8.92,2.64,0
22-06-17,6,0.5,24.5,740.3,149.7,12.46,740,8.92,3.81,0
22-06-17,6,0.75,24.5,740.4,150.1,12.51,740,8.92,5.83,0.06
22-06-17,6,1,23.8,740.3,122.5,10.34,738,8.8,5.02,0
22-06-17,6,1.25,23.7,740.3,103.6,8.76,738,8.69,3.89,0.04
22-06-17,7,0,24.2,740.2,121.3,10.16,765,8.74,4.9,-0.02
22-06-17,7,0.5,24.2,740.2,121.7,10.19,765,8.74,4.85,-0.04
22-06-17,7,0.75,24.2,740.2,122.5,10.25,765,8.74,4.85,-0.08
22-06-17,7,1,24.2,740.2,123.3,10.32,765,8.74,4.94,-0.08
22-06-17,7,1.25,24.2,740.2,126.5,10.59,765,8.75,4.75,-0.04
22-06-17,7,1.5,24.1,740.2,130.2,10.91,766,8.76,5.54,-0.04
22-06-17,7,1.75,24,740.2,133.1,11.18,767,8.77,6.05,0
22-06-17,7,2,24,740.2,132.5,11.13,768,8.76,7.6,0.04
22-06-17,8,0,25.2,740.3,140.7,11.56,743,8.77,2.25,0
22-06-17,8,0.5,25.1,740.4,149.3,12.3,745,9.78,2.69,0
22-06-17,8,0.75,25.1,740.4,156.2,12.89,748,8.78,3.01,0
22-06-20,1,0,24.1,740.5,120.1,10.07,759,8.6,5.99,0.06
22-06-20,1,0.5,24.1,740.5,120.8,10.15,759,8.6,6.66,0.07
22-06-20,1,0.75,24.1,740.5,120.9,10.14,759,8.6,7.36,0.11
22-06-20,1,1,24.1,740.5,121.2,10.16,759,8.59,7.8,0.14
22-06-20,1,1.25,24,740.6,121.4,10.19,759,8.6,9.99,0.18
22-06-20,1,1.5,24,740.6,121.6,10.21,759,8.59,10.47,0.18
22-06-20,1,1.75,24,740.6,121.8,10.24,760,8.6,10.81,0.17
22-06-20,1,2,24,740.6,121.8,10.25,760,8.6,10.36,0.11
22-06-20,1,2.25,23.9,740.6,121.1,10.21,759,8.6,10.71,0.16
22-06-20,1,2.5,23.8,740.6,120,10.11,760,8.58,11.61,0.22
22-06-20,1,2.75,23.8,740.6,118.3,9.95,761,8.56,12.13,0.33
22-06-20,1,3,23.7,740.6,98,8.26,764,8.44,12.11,0.34
22-06-20,1,3.25,23.6,740.5,83.1,7.04,771,8.27,10.8,0.22
22-06-20,2,0,23.2,740.4,170.4,14.59,704,9.05,2,-0.17
22-06-20,3,0,23.4,740.4,132.5,11.25,746,8.42,6.67,0.29
22-06-20,3,0.5,23.3,740.5,133.7,11.41,749,8.37,9.19,0.5
22-06-20,3,0.75,23.1,740.5,111.4,9.51,874,8,6.61,0.2
22-06-20,4,0,23.5,740.8,159.3,13.52,724,8.82,3.05,-0.08
22-06-20,4,0.5,23.2,740.6,154.4,13.16,724,8.74,4.67,-0.03
22-06-20,5,0,24.5,740.5,124.8,10.38,758,8.68,4.39,-0.03
22-06-20,5,0.5,24.5,740.5,126.3,10.57,758,8.67,5.17,-0.04
22-06-20,5,0.75,24.5,740.6,126.3,10.51,758,8.67,5.74,0.01
22-06-20,5,1,24.5,740.6,126.5,10.54,757,8.67,7.34,0.04
22-06-20,5,1.25,24.5,740.6,126.8,10.56,757,8.66,7.51,0.06
22-06-20,5,1.5,24.4,740.6,125.6,10.5,755,8.65,9.6,0.14
22-06-20,5,1.75,24.1,740.5,122.3,10.25,754,8.63,9.6,0.18
22-06-20,5,2,24.1,740.5,120.6,10.11,755,8.61,10.18,0.18
22-06-20,5,2.25,24,740.6,117,9.82,756,8.6,10.06,0.16
22-06-20,5,2.5,23.9,740.5,104.2,8.76,760,8.53,10.82,0.2
22-06-20,6,0,25.8,740.5,190.8,15.53,727,9,2.46,-0.09
22-06-20,6,0.5,25.6,740.5,201.3,16.45,723,9.04,2.74,-0.13
22-06-20,6,0.75,24.3,740.6,213.4,17.79,706,9.2,1.46,-0.16
22-06-20,6,1,23.7,740.5,184.3,15.57,701,9.1,1.57,-0.15
22-06-20,6,1.25,23.5,740.6,162.6,13.76,703,9.02,1.82,-0.15
22-06-20,6,1.5,23.3,740.7,125.7,10.7,722,8.7,6.58,0.21
22-06-20,7,0,26.1,740.4,183.1,14.81,719,8.96,1.8,-0.16
22-06-20,7,0.5,25.6,740.4,202.1,16.51,710,9.02,2.28,-0.16
22-06-20,7,0.75,24.9,740.4,212.7,17.6,706,9.07,4.03,0.08
22-06-20,7,1,24.5,740.4,197.2,16.41,709,8.96,3.15,-0.09
22-06-20,8,0,26.2,740.6,162.3,13.15,742,8.83,1.85,-0.15
22-06-20,8,0.5,26,740.7,166.7,13.57,742,8.84,2.24,-0.18
22-06-20,8,0.75,25.1,740.6,170.7,14.08,734,8.94,1.91,-0.14
22-06-23,1,0,25.9,740.9,130.5,10.58,753,8.68,5.4,-0.03
22-06-23,1,0.5,25.9,740.9,130.7,10.6,753,8.69,6.29,-0.02
22-06-23,1,0.75,25.9,740.9,131.2,10.65,753,8.69,7.22,0.04
22-06-23,1,1,25.9,740.9,132.2,10.74,753,8.69,9.51,0.09
22-06-23,1,1.25,25.8,740.9,134.1,10.89,753,8.7,10.21,0.07
22-06-23,1,1.5,25.8,740.9,134.5,10.95,753,8.7,10.92,0.12
22-06-23,1,1.75,25.8,740.9,134.8,10.97,752,8.7,11.23,0.09
22-06-23,1,2,25.7,741,133.3,10.84,752,8.69,12.3,0.14
22-06-23,1,2.25,25.7,740.9,132.3,10.76,751,8.68,13.71,0.19
22-06-23,1,2.5,25.6,741,130.2,10.62,753,8.66,13.24,0.17
22-06-23,1,2.75,24.9,740.9,97.9,8.09,763,8.33,14.24,0.31
22-06-23,1,3,24.2,740.9,74.3,6.21,790,7.99,16.3,0.47
22-06-23,1,3.25,23.9,740.9,67.1,5.64,808,7.86,18.31,0.7
22-06-23,1,3.5,23.6,741,40.2,3.41,834,7.63,36.46,2.02
22-06-23,2,0,25.6,740.8,146.9,11.97,740,8.75,4.36,-0.1
22-06-23,2,0.5,25,740.8,148,12.25,740,8.71,6.82,0.31
22-06-23,3,0,25.9,740.9,144.4,11.7,774,8.66,4.45,0.01
22-06-23,3,0.5,25.8,740.8,137.5,11.2,826,8.34,3.2,-0.11
22-06-23,3,0.75,24.7,740.9,138,11.44,940,8.01,3.02,-0.12
22-06-23,3,1,24.4,740.8,142.6,11.92,1067,7.85,2.25,-0.12
22-06-23,4,0,26.1,740.8,143.4,11.58,750,8.74,5.11,-0.09
22-06-23,4,0.5,25.7,740.8,150.8,12.3,749,8.78,5.49,-0.07
22-06-23,4,0.75,25.3,740.8,166,13.88,741,8.9,5.99,-0.05
22-06-23,5,0,26.9,740.5,140.3,11.18,744,8.73,6.55,-0.05
22-06-23,5,0.5,26.6,740.5,140.7,11.28,743,8.73,7.07,-0.04
22-06-23,5,0.75,26.3,740.5,138.5,11.15,745,8.72,8.33,0
22-06-23,5,1,26.2,740.5,137,11.05,747,8.71,9.55,0.01
22-06-23,5,1.25,26.2,740.6,136.5,11.03,747,8.7,10.1,0.07
22-06-23,5,1.5,26.1,740.7,135.8,10.98,748,8.7,10.62,0.06
22-06-23,5,1.75,26.1,740.5,135,10.91,748,8.69,11.07,0.07
22-06-23,5,2,26,740.5,131,10.62,749,8.67,11.53,0.07
22-06-23,5,2.25,26,740.6,125.5,10.17,753,8.62,11.64,0.11
22-06-23,5,2.5,25.8,740.5,106.4,8.67,758,8.49,12.78,0.13
22-06-23,6,0,27.3,740.3,172.4,13.65,700,9.06,1.47,-0.14
22-06-23,6,0.5,27,740.4,173,13.76,702,9.03,1.67,-0.14
22-06-23,6,0.75,26.9,740.4,174.5,13.91,702,9.04,2.22,-0.16
22-06-23,6,1,26.8,740.3,176.9,14.11,701,9.05,2.86,-0.11
22-06-23,6,1.25,26.5,740.4,178,14.31,697,9.07,2.83,-0.12
22-06-23,6,1.5,26.3,740.4,164.1,13.24,696,9.04,4.09,-0.02
22-06-23,6,1.75,25.9,740.4,127.9,10.35,703,8.82,2.84,-0.04
22-06-23,7,0,27.1,740.4,158.6,12.59,724,8.9,3.77,-0.08
22-06-23,7,0.5,27,740.5,160.3,12.8,726,8.89,4.8,-0.06
22-06-23,7,0.75,26.5,740.4,169.4,13.59,725,8.92,5.27,-0.05
22-06-23,7,1,26.4,740.5,174.3,14.01,723,8.94,5.93,0.45
22-06-23,7,1.25,26.3,740.3,169.3,13.62,724,8.92,7.19,-0.06
22-06-23,8,0,27.9,740.2,151.7,11.89,738,8.86,3.41,-0.12
22-06-23,8,0.5,27.4,740.2,166.3,13.16,737,8.85,5.03,0
22-06-23,8,0.75,26.5,740.2,177.4,14.27,727,8.89,5.62,-0.01
22-06-23,8,1.5,23.6,743.2,138.7,11.74,719,8.91,6.69,-0.09
22-06-28,1,0,24.9,742.2,115.3,9.54,749,8.66,9.28,0.15
22-06-28,1,0.5,24.8,742.3,116.2,9.61,748,8.65,9.87,0.17
22-06-28,1,0.75,24.8,742.3,116.5,9.64,749,8.65,10.52,0.2
22-06-28,1,1,24.8,742.3,116.3,9.63,749,8.64,11.7,0.23
22-06-28,1,1.25,24.8,742.3,116.7,9.65,749,8.64,11.72,0.27
22-06-28,1,1.5,24.8,742.2,116.6,9.65,749,8.64,11.6,0.25
22-06-28,1,1.75,24.8,742.3,116.5,9.64,748,8.64,11.45,0.28
22-06-28,1,2,24.8,742.3,116.6,9.65,748,8.64,11.43,0.24
22-06-28,1,2.25,24.8,742.2,116.5,9.64,748,8.64,11.47,0.24
22-06-28,1,2.5,24.8,742.2,116.6,9.65,748,8.64,11.6,0.27
22-06-28,1,2.75,24.8,742.1,116.5,9.64,748,8.64,12.15,0.25
22-06-28,1,3,24.7,742.2,116.2,9.63,747,8.65,12.55,0.29
22-06-28,2,0,25.1,742.6,137.7,11.36,759,8.75,5.38,0.02
22-06-28,2,0.5,22.9,742.7,155.7,13.36,772,8.62,3.81,0.01
22-06-28,3,0,25.4,742.5,152.5,12.4,776,8.63,6.69,0.14
22-06-28,3,0.5,25,742.6,146.8,12.1,777,8.6,7,0.07
22-06-28,3,0.75,24.5,742.6,137.4,11.43,787,8.47,19.24,0.22
22-06-28,3,1,23.8,742.5,135.5,11.4,841,8.19,5.99,0.07
22-06-28,4,0,25,742.8,141.8,11.73,758,8.73,20.28,0.66
22-06-28,4,0.5,24.9,742.7,138.7,11.46,760,8.7,6.43,0.05
22-06-28,5,0,24.8,742.9,118.7,9.83,731,8.81,6.12,0.01
22-06-28,5,0.5,24.8,742.8,119,9.85,731,8.81,6.33,0.06
22-06-28,5,0.75,24.8,742.9,119.2,9.87,731,8.81,6.73,0.03
22-06-28,5,1,24.8,742.9,119.3,9.88,731,8.81,7.25,0.07
22-06-28,5,1.25,24.7,742.9,120.1,9.96,730,8.82,7.44,0.07
22-06-28,5,1.5,24.7,742.9,120.3,9.97,729,8.82,7.37,0.05
22-06-28,5,1.75,24.6,742.9,121.4,10.1,726,8.84,7.48,0.08
22-06-28,5,2,24.5,742.9,122.8,10.21,725,8.85,7.65,0.06
22-06-28,5,2.25,24.5,742.9,122.6,10.22,725,8.85,7.5,0.1
22-06-28,5,2.5,24.4,742.9,122.6,10.22,725,8.84,7.19,0.09
22-06-28,6,0,24.6,743,207,17.19,688,9.42,4.05,-0.05
22-06-28,6,0.5,24.4,743,213.5,17.81,684,9.48,5.24,-0.07
22-06-28,6,0.75,23.9,743,190.7,16.06,675,9.47,1.67,-0.17
22-06-28,6,1,23.7,743,172.5,14.58,676,9.42,1.47,-0.17
22-06-28,7,0,24.9,742.9,147.7,12.18,737,8.9,4.02,-0.05
22-06-28,7,0.5,24.9,742.9,150.3,12.4,736,8.9,4.21,-0.06
22-06-28,7,0.75,24.9,742.9,157.2,12.98,734,8.92,4.88,-0.05
22-06-28,7,1,24.6,742.9,157.8,13.1,732,8.93,5.13,-0.07
22-06-28,7,1.25,24.3,743,152.6,12.76,730,8.89,4.91,-0.05
22-06-28,7,1.5,23.9,743,138.6,11.68,734,8.83,4.31,-0.03
22-06-28,8,1,26.2,740.2,175.7,14.18,727,8.86,14.9,0.89
22-06-28,8,0,23.6,743.1,137.4,11.63,718,8.92,5.72,-0.08
22-07-01,1,0,25.3,738.2,115.9,9.5,745,8.79,8.71,0.22
22-07-01,1,0.5,25.3,738.3,116.3,9.53,745,8.79,9.28,0.22
22-07-01,1,0.75,25.3,738.3,116.4,9.54,745,8.79,9.06,0.25
22-07-01,1,1,25.3,738.3,116.4,9.55,745,8.79,9.3,0.25
22-07-01,1,1.25,25.3,738.2,116.4,9.55,745,8.79,8.92,0.22
22-07-01,1,1.5,25.3,738.3,116.5,9.55,745,8.79,9.15,0.21
22-07-01,1,1.75,25.3,738.4,116.5,9.56,745,8.79,9.61,0.18
22-07-01,1,2,25.3,738.3,116.5,9.56,744,8.79,9.63,0.19
22-07-01,1,2.25,25.3,738.3,116.5,9.56,744,8.79,9.49,0.22
22-07-01,1,2.5,25.2,738.3,116.8,9.59,744,8.79,9.27,0.18
22-07-01,1,2.75,25.2,738.3,117.4,9.65,744,8.79,10,0.21
22-07-01,1,3,25.1,738.3,117.4,9.66,744,8.79,10.41,0.22
22-07-01,2,0,24.6,738.4,109.1,9.06,770,8.45,5.71,0.05
22-07-01,2,0.5,24.6,738.4,109.2,9.07,773,8.35,10.1,0.7
22-07-01,3,0,25.4,738.4,127.1,10.39,765,8.67,7.14,0.17
22-07-01,3,0.5,25.5,738.4,133.1,10.87,765,8.7,6.21,0.15
22-07-01,3,0.75,25.4,738.4,130.3,10.66,765,8.69,7.46,0.2
22-07-01,3,1,25.4,738.5,123.8,10.13,766,8.65,8,0.49
22-07-01,4,0,25.4,738.4,127.1,10.39,765,8.67,7.14,0.17
22-07-01,4,0.5,25.5,738.4,133.1,10.87,765,8.7,6.21,0.15
22-07-01,4,0.75,25.4,738.4,130.3,10.66,765,8.69,7.4,0.2
22-07-01,4,1,25.4,738.5,123.8,10.13,766,8.65,8,0.49
22-07-01,5,0,25.4,738.3,122.3,10.01,728,8.92,6.5,0.08
22-07-01,5,0.5,25.4,738.3,122.5,10.03,729,8.92,6.73,0.1
22-07-01,5,0.75,25.4,738.3,122.6,10.04,729,8.92,6.57,0.11
22-07-01,5,1,25.4,738.4,122.8,10.05,729,8.92,6.4,0.09
22-07-01,5,1.25,25.4,738.4,122.8,10.05,729,8.92,6.52,0.07
22-07-01,5,1.5,25.4,738.4,122.2,10,729,8.91,6.69,0.09
22-07-01,5,1.75,25.4,738.4,122.3,10.01,730,8.91,6.81,0.09
22-07-01,5,2,25.4,738.4,121.6,9.95,731,8.9,7.43,0.11
22-07-01,5,2.25,25.4,738.4,120.9,9.9,731,8.89,7.61,0.11
22-07-01,5,2.5,25.3,738.4,120.5,9.87,731,8.89,8.4,0.12
22-07-01,5,2.75,25.3,738.4,120.1,9.84,731,8.88,8.49,0.2
22-07-01,6,0,25.2,738.1,151.4,12.47,702,9.11,4.21,0.01
22-07-01,6,0.5,25.2,738.1,152.9,12.57,702,9.12,4.27,0.02
22-07-01,6,0.75,25.2,738.1,156,12.82,702,9.13,3.9,0
22-07-01,6,1,25.2,738.1,154.6,12.7,702,9.12,4.48,0.07
22-07-01,6,1.25,25.1,738.1,149.1,12.25,703,9.09,4.18,0
22-07-01,6,1.5,25.1,738.1,136.7,11.22,706,9.02,4.34,0.02
22-07-01,7,0,25.5,738.2,151.1,12.34,718,8.95,3.72,0
22-07-01,7,0.5,25.6,738.3,150.1,12.25,718,8.94,3.99,0
22-07-01,7,0.75,25.5,738.3,153.8,12.57,720,8.96,4.31,0.03
22-07-01,7,1,25.5,738.4,154.8,12.66,720,8.96,4.4,0.02
22-07-01,7,1.25,25.4,738.4,157.6,12.89,720,8.97,4.56,0.04
22-07-01,7,1.5,25.4,738.4,135.5,11.08,731,8.76,4.49,0.13
22-07-01,8,0,25.2,738,114.8,9.43,732,8.85,5.56,0.08
22-07-01,8,0.5,25.2,738,115,9.45,732,8.86,5.49,0.09
22-07-01,8,0.75,25.2,738,115.2,9.46,731,8.86,5.22,0.05
22-07-01,8,1,25.2,738,116,9.52,731,8.87,6.03,0.33
22-07-05,1,0,26.3,735.5,133.6,10.77,736,8.89,5.62,0.09
22-07-05,1,0.5,26.2,735.5,135.1,10.91,737,8.89,7.06,0.15
22-07-05,1,0.75,25.9,735.5,139.2,11.29,737,8.9,9.23,0.27
22-07-05,1,1,25.6,735.6,139.2,11.35,736,8.9,11.1,0.33
22-07-05,1,1.25,25.6,735.4,140.1,11.42,736,8.9,11.34,0.37
22-07-05,1,1.5,25.6,735.5,139.7,11.4,736,8.9,11.42,0.32
22-07-05,1,1.75,25.5,735.5,138.5,11.31,737,8.89,12.37,0.4
22-07-05,1,2,25.5,735.5,136.8,11.18,737,8.87,12.09,0.39
22-07-05,1,2.25,25.5,735.5,133.3,10.91,739,8.85,11.79,0.33
22-07-05,1,2.5,25.3,735.5,127.1,10.43,750,8.76,10.24,0.33
22-07-05,1,2.75,24.9,735.5,105.2,8.68,777,8.44,10.49,0.39
22-07-05,1,3,24.7,735.4,86.2,7.14,807,8.16,10.89,0.49
22-07-05,1,3.25,24.2,735.4,63,5.26,865,7.78,11.13,0.58
22-07-05,2,0,26.2,735.4,101.3,8.16,768,8.36,7.22,0.08
22-07-05,2,0.5,25.5,735.4,81,6.62,780,8.08,6.32,0.1
22-07-05,3,0,26.5,735.4,157.9,12.61,764,8.88,18.32,1.52
22-07-05,3,0.5,24.8,735.4,172.8,14.28,891,8.51,14.01,1.09
22-07-05,3,0.75,23.5,735.4,206.5,17.57,1101,8.26,9.15,1.2
22-07-05,4,0,27.1,735.5,144.2,11.45,740,8.91,6.27,0.14
22-07-05,4,0.5,26.6,735.5,142.7,11.42,742,8.88,7.14,0.15
22-07-05,4,0.75,25.6,735.5,111,9.06,764,8.52,8.77,0.28
22-07-05,5,0,26.3,735.4,118.7,9.56,731,8.86,5.78,0.07
22-07-05,5,0.5,26.2,735.5,121.1,9.78,731,8.88,6.98,0.12
22-07-05,5,0.75,26,735.4,122.9,9.97,729,8.89,7.76,0.15
22-07-05,5,1,25.8,735.4,122.6,9.97,731,8.87,8.24,0.16
22-07-05,5,1.25,25.7,735.4,121.6,9.91,734,8.86,8.81,0.16
22-07-05,5,1.5,25.6,735.5,121.5,9.91,735,8.85,9.57,0.22
22-07-05,5,1.75,25.6,735.5,119.5,9.75,736,8.83,10.39,0.17
22-07-05,5,2,25.6,735.5,118.4,9.66,736,8.83,10.41,0.18
22-07-05,5,2.25,25.6,735.5,97.7,7.98,739,8.77,12.12,0.26
22-07-05,5,2.5,25.3,735.4,47.2,3.88,766,8.31,13.31,0.48
22-07-05,6,0,26.2,735.5,200.8,16.16,662,9.82,2.72,-0.02
22-07-05,6,0.5,25.5,735.5,156.1,12.76,664,9.61,5.95,0.05
22-07-05,6,0.75,25.4,735.5,138.5,11.63,666,9.55,3.04,-0.06
22-07-05,6,1,25.3,735.5,132,10.83,667,9.51,2.73,-0.07
22-07-05,6,1.25,25.2,735.5,126.4,10.34,668,9.47,3.18,0.01
22-07-05,6,1.5,24.8,735.5,59.4,4.81,706,8.67,4.74,0.11
22-07-05,7,0,25.8,735.5,156.2,12.65,717,9.03,7.68,0.29
22-07-05,7,0.5,25.9,735.5,160.1,13.05,717,9.04,7.81,0.26
22-07-05,7,0.75,25.6,735.5,160.8,13.13,716,9.05,8,0.28
22-07-05,7,1,25.6,735.5,163.3,13.33,716,9.06,7.82,0.29
22-07-05,7,1.25,25.5,735.6,159.6,13.06,714,9.06,8.61,0.21
22-07-05,8,0,26.2,735.5,105.9,8.55,726,8.81,4.4,0.02
22-07-05,8,0.5,25.6,735.5,97.5,7.98,727,8.78,4.13,-0.06
22-07-05,8,0.75,25.2,735.5,93.5,7.67,727,8.73,4.8,-0.02
22-07-07,1,0,26,739.8,128.8,10.43,721,8.89,11.13,0.27
22-07-07,1,0.5,26.1,739.7,129.7,10.5,722,8.89,11.47,0.27
22-07-07,1,0.75,26.1,739.7,130,10.51,722,8.89,12.09,0.29
22-07-07,1,1,26,739.9,130.4,10.56,721,8.9,12.26,0.26
22-07-07,1,1.25,26,739.9,130.3,10.55,721,8.91,12.07,0.2
22-07-07,1,1.5,26,739.9,129.8,10.52,721,8.91,11.91,0.2
22-07-07,1,1.75,25.9,739.8,128.8,10.44,721,8.91,11.89,0.15
22-07-07,1,2,25.9,739.9,127.7,10.35,721,8.9,12.24,0.12
22-07-07,1,2.25,25.9,739.8,126.6,10.26,722,8.89,11.91,0.15
22-07-07,1,2.5,25.9,739.8,125.3,10.16,723,8.88,11.72,0.16
22-07-07,1,2.75,25.8,739.7,106.3,8.69,739,8.72,13.02,0.18
22-07-07,1,3,25.2,739.9,62.1,5.06,805,7.95,10.24,0.28
22-07-07,1,3.25,25.1,739.8,41.4,3.4,822,7.72,11.44,0.39
22-07-07,1,3.5,24.5,739.9,17,1.28,856,7.32,47.96,6.74
22-07-07,2,0,27.1,739.6,142.4,11.35,717,9.01,7.33,0.01
22-07-07,2,0.5,26.4,739.7,107,8.25,737,8.42,6.72,0
22-07-07,3,0,27.3,739.7,149.9,12.3,692,8.89,12.54,1.06
22-07-07,3,0.5,27.9,739.8,135.6,11.13,640,8.52,19.1,3.09
22-07-07,3,0.75,22.7,739.7,65.1,5.46,592,7.75,18.58,4.02
22-07-07,4,0,27,739.5,131.5,10.49,706,8.93,9.26,0.27
22-07-07,4,0.5,27,739.5,133.2,10.61,706,8.93,8.95,0.28
22-07-07,4,0.75,26.9,739.4,125,10.02,711,8.79,11.51,0.52
22-07-07,5,0,26.5,739.3,119.9,9.66,729,8.87,7.31,0.01
22-07-07,5,0.5,26.4,739.5,121.1,9.75,730,8.85,8.12,0.02
22-07-07,5,0.75,26.2,739.5,120,9.73,732,8.84,9.48,0.06
22-07-07,5,1,25.9,739.4,119.6,9.71,733,8.84,9.88,0.05
22-07-07,5,1.25,25.8,739.5,119.5,9.72,732,8.84,10.12,0.06
22-07-07,5,1.5,25.7,739.5,118,9.56,733,8.82,11.19,0.11
22-07-07,5,1.75,25.6,739.5,114.8,9.33,734,8.81,11.36,0.11
22-07-07,5,2,25.6,739.6,112.1,9.14,736,8.78,12.04,0.15
22-07-07,5,2.25,25.6,739.6,109.1,8.46,742,8.63,12.45,0.21
22-07-07,5,2.5,25.4,739.6,76.4,6.23,760,8.31,12.68,0.33
22-07-07,5,2.75,25.3,739.6,56.2,4.5,786,8.11,15.11,0.62
22-07-07,6,0,25.9,739.6,189.9,15.71,663,9.64,3.04,0
22-07-07,6,0.5,25.6,739.6,189,14.62,660,9.62,2.03,0
22-07-07,6,0.75,25.3,739.6,158.1,12.89,658,9.54,2.12,0
22-07-07,6,1,25,739.7,135,10.98,660,9.54,2.91,0.94
22-07-07,6,1.25,25,739.6,125,10.16,661,9.41,2.82,0
22-07-07,6,1.5,24.4,739.6,36.2,2.91,736,7.93,4.33,0.22
22-07-07,7,0,25.9,739.6,152.3,12.36,695,9.21,5.85,0.1
22-07-07,7,0.5,25.9,739.6,153.1,12.44,695,9.21,5.74,0.08
22-07-07,7,0.75,25.9,739.6,153.9,12.47,695,9.21,6.12,0.09
22-07-07,7,1,25.9,739.6,157.9,12.85,694,9.23,6.03,0.07
22-07-07,7,1.25,25.9,739.6,158.9,12.94,693,9.24,5.45,0.05
22-07-07,7,1.5,25.8,739.6,158.5,12.91,692,9.24,5.68,0.07
22-07-07,7,1.75,25.7,739.7,158.4,12.92,692,9.24,6.52,0.09
22-07-07,7,2,25.5,739.6,155,12.61,692,9.21,5.89,0.1
22-07-07,8,0,25.9,739.6,129.5,10.51,699,9.06,3.98,-0.06
22-07-07,8,0.5,25.9,739.6,129.6,10.53,698,9.02,3.99,-0.07
22-07-07,8,0.75,25.7,739.6,129.6,10.58,699,9,5.92,0.07
22-07-11,1,0,25.2,733.2,108.7,8.94,732,8.74,9.19,0.25
22-07-11,1,0.5,25.2,733.2,109.1,8.97,732,8.74,10.8,0.26
22-07-11,1,0.75,25.2,733.2,109.2,8.98,732,8.74,10.86,0.26
22-07-11,1,1,25.2,733.2,109.1,8.97,732,8.74,10.66,0.24
22-07-11,1,1.25,25.2,733.1,109.1,8.97,732,8.74,10.42,0.23
22-07-11,1,1.5,25.2,733,109.2,8.98,732,8.74,10.55,0.23
22-07-11,1,1.75,25.2,733,108.7,8.94,733,8.73,10.25,0.2
22-07-11,1,2,25.2,733,108.5,8.92,733,8.73,10.61,0.19
22-07-11,1,2.25,25.2,732.9,108.4,8.92,733,8.73,10.5,0.2
22-07-11,1,2.5,25.2,732.9,108.4,8.91,733,8.72,10.49,0.16
22-07-11,1,2.75,25.2,732.8,108.2,8.9,733,8.72,10.82,0.21
22-07-11,1,3,25.2,732.9,108.1,8.89,733,8.72,10.62,0.2
22-07-11,1,3.25,25.2,732.7,107.9,8.87,733,8.71,11.24,0.22
22-07-11,2,0,23.7,732.5,81,6.83,751,8.37,6.8,0.07
22-07-11,2,0.5,23.6,732.5,68.7,5.8,766,8.15,9.17,0.37
22-07-11,3,0,24.2,732.1,96.2,8.04,778,8.21,14.54,1.16
22-07-11,3,0.5,24.1,732,97.2,8.15,788,8.18,25.09,2.16
22-07-11,3,0.75,22.8,732.1,64.7,5.54,890,7.66,10.74,0.47
22-07-11,3,1,22,731.9,51.1,4.45,973,7.5,2.66,0.24
22-07-11,4,0,24.9,732.5,86.3,7.12,723,8.55,6.05,0.03
22-07-11,4,0.5,24.9,732.5,83.4,6.87,726,8.52,5.66,0.03
22-07-11,4,0.75,24.8,732.7,77.2,6.37,727,8.43,6.21,0.05
22-07-11,5,0,25.1,733.9,108.8,8.95,731,8.76,8.98,0.15
22-07-11,5,0.5,25.2,733.8,109.6,9.01,731,8.76,9.4,0.17
22-07-11,5,0.75,25.1,733.9,109.8,9.03,731,8.76,9.3,0.18
22-07-11,5,1,25.1,733.8,109.8,9.03,731,8.76,9.12,0.17
22-07-11,5,1.25,25.2,733.8,109.9,9.04,731,8.75,9.11,0.17
22-07-11,5,1.5,25.2,733.7,109.8,9.03,731,8.75,9.4,0.14
22-07-11,5,1.75,25.2,733.9,109.9,9.04,731,8.75,9.25,0.12
22-07-11,5,2,25.2,733.7,109.8,9.03,731,8.74,9.6,0.15
22-07-11,5,2.25,25.2,733.7,109.7,9.02,731,8.74,9.4,0.13
22-07-11,5,2.5,25.2,733.6,109.7,9.02,731,8.74,9.06,0.13
22-07-11,5,2.75,25.2,733.6,109.6,9.01,731,8.73,9.61,0.14
22-07-11,6,0,24.7,734,133.2,11.05,696,9.09,5.11,0.02
22-07-11,6,0.5,24.7,734,133.3,11.05,697,9.09,6.59,0.11
22-07-11,6,0.75,24.7,734.2,132.9,11.09,697,9.09,6.6,0.07
22-07-11,6,1,24.7,734,131.9,10.93,697,9.09,5.63,0.01
22-07-11,6,1.25,24.7,734,130.5,10.82,696,9.09,5.01,-0.06
22-07-11,7,0,25.1,734.1,141.5,11.65,699,9.11,5.59,0
22-07-11,7,0.5,25.1,734.1,146,12.03,700,9.12,6.61,0.05
22-07-11,7,0.75,25,734.1,147.8,12.18,700,9.13,5.83,0.03
22-07-11,7,1,25,734,149.2,12.3,700,9.13,7.24,0.05
22-07-11,8,0,23.9,733.9,82.1,6.91,727,8.62,4.24,-0.01
22-07-11,8,0.5,23.9,734,82,6.9,727,8.63,3.71,-0.09
22-07-11,8,0.75,24,734,82.1,6.9,728,8.62,3.77,-0.09
22-07-13,1,0,25.5,739.2,113.6,9.29,732,8.8,7.75,0.09
22-07-13,1,0.5,25.5,739.1,114.8,9.38,732,8.8,8.24,0.16
22-07-13,1,0.75,25.5,739.2,115,9.4,733,8.8,9.19,0.15
22-07-13,1,1,25.4,739.2,115.5,9.44,732,8.8,8.87,0.15
22-07-13,1,1.25,25.4,739.2,115.8,9.47,732,8.79,9.97,0.21
22-07-13,1,1.5,25.4,739.3,115.8,9.48,732,8.79,10.25,0.18
22-07-13,1,1.75,25.4,739.2,116.3,9.54,733,8.79,10.09,0.16
22-07-13,1,2,25.3,739.3,116.4,9.55,733,8.78,9.96,0.2
22-07-13,1,2.25,25.3,739.3,116.3,9.55,734,8.77,10.39,0.16
22-07-13,1,2.5,25.2,739.3,116,9.52,734,8.76,10.81,0.21
22-07-13,1,2.75,25.2,739.3,115.6,9.49,734,8.76,11.28,0.23
22-07-13,1,3,25.2,739.3,110.3,9.07,737,8.72,11.7,0.3
22-07-13,1,3.25,25,739.3,97.6,8.12,742,8.59,12.25,0.42
22-07-13,1,3.5,24.5,739.4,80.8,6.65,781,8.14,19.92,1.02
22-07-13,2,0,25,738.9,101.1,8.32,752,8.52,8.84,0.14
22-07-13,3,0,24.9,738.7,124.1,10.23,823,8.35,14.68,1.17
22-07-13,3,0.5,24.5,738.8,117.1,9.74,849,8.21,19.28,1.67
22-07-13,3,0.75,22.2,738.7,54.5,4.7,1030,7.59,5.86,0.28
22-07-13,4,0,24.4,738.7,86.4,7.2,761,8.1,4.24,0.01
22-07-13,4,0.5,24,738.7,59,4.95,774,7.74,4.75,0.04
22-07-13,5,0,25.7,739.3,113.8,9.26,726,8.87,6.12,0.03
22-07-13,5,0.5,25.7,739.3,114.5,9.32,726,8.87,7.02,0.09
22-07-13,5,0.75,25.7,739.3,114.7,9.35,726,8.87,7.26,0.09
22-07-13,5,1,25.7,739.4,114.8,9.35,726,8.87,7.49,0.1
22-07-13,5,1.25,25.6,739.4,115.2,9.39,726,8.87,7.59,0.08
22-07-13,5,1.5,25.6,739.3,115.3,9.41,726,8.86,7.9,0.08
22-07-13,5,1.75,25.4,739.3,114.4,9.37,729,8.83,8.53,0.13
22-07-13,5,2,25.3,739.4,113.4,9.3,730,8.82,8.77,0.15
22-07-13,5,2.25,25.3,739.3,112.8,9.26,730,8.81,8.45,0.13
22-07-13,5,2.5,25.3,739.4,112.3,9.2,730,8.81,9.36,0.16
22-07-13,6,0,26.6,739.3,250.5,19.87,682,9.75,1.57,0.17
22-07-13,6,0.5,25.8,739.4,225.4,18.22,681,9.55,3.1,0.14
22-07-13,6,0.75,25.1,739.4,171.3,14.13,682,9.38,2.91,-0.15
22-07-13,6,1,24.9,739.5,160.7,13.25,683,9.34,2.92,-0.15
22-07-13,6,1.25,24.8,739.4,144,11.91,685,9.32,2.99,-0.13
22-07-13,7,0,26.3,739.4,168.2,13.55,704,9.2,4.58,-0.07
22-07-13,7,0.5,26.4,739.5,170.8,13.74,704,9.2,3.89,-0.09
22-07-13,7,0.75,26.3,739.5,171.8,13.84,705,9.19,4.24,-0.08
22-07-13,7,1,25.7,739.4,169.5,13.79,709,9.13,7.51,0.05
22-07-13,7,1.25,25.3,739.4,165.8,13.59,712,9.1,7.29,0.08
22-07-13,7,1.5,25.1,739.4,155.7,12.8,714,9.03,8.79,0.13
22-07-13,8,0,26.9,739.5,188.8,15.19,709,9.18,3.66,-0.1
22-07-13,8,0.5,26,739.6,191.4,15.53,715,9.12,4.08,-0.7
22-07-18,1,0,26.3,736.5,136.4,10.99,719,8.88,5.42,0.04
22-07-18,1,0.5,26.3,736.5,136.8,11.1,719,8.88,6.63,0.09
22-07-18,1,0.75,26.3,736.5,138,11.12,719,8.88,7.11,0.11
22-07-18,1,1,26.2,736.5,137.6,11.1,718,8.89,7.8,0.07
22-07-18,1,1.25,26.1,736.4,138,11.15,717,8.9,7.75,0.13
22-07-18,1,1.5,25.9,736.3,137.2,11.13,716,8.91,9.55,0.14
22-07-18,1,1.75,25.8,736.3,134.7,10.96,715,8.9,10.09,0.28
22-07-18,1,2,25.4,736.4,113.3,9.16,720,8.74,11.58,0.26
22-07-18,1,2.25,25.1,736.3,97.6,8.07,726,8.64,12.42,0.34
22-07-18,1,2.5,24.8,736.4,81.7,6.75,738,8.38,13.15,0.57
22-07-18,1,2.75,24.7,736.4,76.6,6.35,740,8.3,12.75,0.63
22-07-18,1,3,24.5,736.5,74.7,6.21,735,8.12,13.69,1.03
22-07-18,2,0,27.3,736.3,117,9.24,733,8.77,6.56,-0.02
22-07-18,3,0,27.6,736.2,154.4,12.18,781,8.67,15.03,1.08
22-07-18,3,0.5,26.4,736.3,144.5,11.64,804,8.52,32.09,3.04
22-07-18,3,0.75,23.9,736.3,98.1,8.16,931,7.69,42.03,5.17
22-07-18,4,0,27.1,736.3,155.1,12.33,716,8.93,6.45,-0.01
22-07-18,4,0.5,26.5,736.3,147.4,11.83,715,8.89,6.72,0.01
22-07-18,5,0,26.2,736.7,129,10.48,723,8.81,4.92,-0.01
22-07-18,5,0.5,26.1,736.7,131.2,10.61,723,8.81,5.73,0.02
22-07-18,5,0.75,26.2,736.7,131.4,10.6,723,8.81,6.86,0.05
22-07-18,5,1,26.1,736.9,131.8,10.67,722,8.81,6.83,0.07
22-07-18,5,1.25,26,736.7,132.4,10.72,722,8.82,7.33,0.1
22-07-18,5,1.5,26,736.8,133,10.77,722,8.82,9.13,0.09
22-07-18,5,1.75,25.5,736.7,129.9,10.61,719,8.82,10,0.16
22-07-18,5,2,25.4,736.7,125.6,10.29,719,8.81,9.92,0.17
22-07-18,5,2.25,25.1,736.7,100.3,8.2,720,8.7,11.2,0.38
22-07-18,5,2.5,24.9,736.6,85.3,6.88,723,8.59,12.84,0.55
22-07-18,6,0,26.8,736.7,232.2,18.73,665,9.87,8.98,0.22
22-07-18,6,0.5,26,736.8,191.3,15.4,661,9.95,4.16,0.04
22-07-18,6,0.75,25.3,736.9,167.8,13.64,655,9.77,2.64,-0.12
22-07-18,6,1,24.4,736.8,122.7,10.17,654,9.52,1.38,-0.18
22-07-18,6,1.25,23.5,736.9,29.8,2.36,666,9.11,0.63,-0.18
22-07-18,7,0,26.6,736.8,169.8,13.6,693,9.17,4.73,-0.05
22-07-18,7,0.5,26.5,736.8,175.2,14.06,692,9.2,4.27,-0.01
22-07-18,7,0.75,26.4,736.8,184.3,14.86,689,9.23,11.62,0.34
22-07-18,7,1,26.3,736.9,179.3,14.45,689,9.21,8.14,0.07
22-07-18,8,0,25.6,736.6,141.2,11.56,710,8.87,4.06,-0.07
22-07-18,8,0.5,24.9,736.6,149.4,12.35,706,8.92,5.31,0
22-07-21,1,0,26.2,733.3,104.7,8.46,723,8.76,6.61,0.08
22-07-21,1,0.5,26.2,733.3,105.6,8.53,723,8.77,9.81,0.19
22-07-21,1,0.75,26.1,733.3,107,8.65,721,8.79,10.85,0.2
22-07-21,1,1,26,733.3,109.1,8.84,720,8.81,10.25,0.13
22-07-21,1,1.25,25.9,733.3,108.1,8.77,720,8.8,11.25,0.19
22-07-21,1,1.5,25.8,733.3,106.4,8.64,722,8.76,11.87,0.25
22-07-21,1,1.75,25.8,733.4,104,8.46,724,8.74,12.3,0.25
22-07-21,1,2,25.7,733.4,103.6,8.43,727,8.71,13.35,0.3
22-07-21,1,2.25,25.7,733.3,103.6,8.44,727,8.7,12.75,0.34
22-07-21,1,2.5,25.7,733.4,103.4,8.42,729,8.69,12.99,0.36
22-07-21,1,2.75,25.6,733.3,102.6,8.37,730,8.68,14.11,0.37
22-07-21,1,3,25.6,733.3,97.1,7.93,733,8.62,15.25,0.49
22-07-21,1,3.25,25.5,733.3,94,7.68,736,8.59,14.83,0.64
22-07-21,2,0,25.9,733.4,112.8,9.2,762,8.53,12.39,0.42
22-07-21,3,0,26,733.6,116.9,9.48,835,8.05,7.4,0.28
22-07-21,3,0.5,25.5,733.6,98.4,8.06,860,7.88,10.22,0.66
22-07-21,3,0.75,24.4,733.5,57.1,4.77,875,7.43,15.98,1.71
22-07-21,3,1,24.1,733.6,46.2,3.87,867,7.34,13.35,1.6
22-07-21,4,0,26.4,733.6,145.1,11.65,732,8.78,9.17,0.12
22-07-21,4,0.5,25.5,733.6,118.4,9.72,741,8.46,7.62,0.12
22-07-21,5,0,25.9,733.2,106,8.6,713,8.88,8.28,0.07
22-07-21,5,0.5,25.9,733.3,106.3,8.62,713,8.88,8.84,0.13
22-07-21,5,0.75,25.9,733.3,106.4,8.63,713,8.87,8.91,0.1
22-07-21,5,1,25.9,733.3,106.4,8.63,713,8.87,9.65,0.14
22-07-21,5,1.25,25.9,733.3,106.3,8.63,713,8.87,8.96,0.11
22-07-21,5,1.5,25.9,733.3,106.4,8.63,713,8.87,8.74,0.11
22-07-21,5,1.75,25.9,733.3,105.2,8.54,713,8.86,9.34,0.1
22-07-21,5,2,25.9,733.3,102.9,8.37,712,8.86,9.21,0.13
22-07-21,5,2.25,25.8,733.3,102.1,8.29,713,8.85,8.43,0.12
22-07-21,5,2.5,25.8,733.3,98.7,8.02,712,8.84,9.18,0.17
22-07-21,6,0,25.4,733.1,138.3,11.33,672,9.45,3.55,-0.02
22-07-21,6,0.5,25.2,733.1,124.6,10.24,673,9.4,3.24,-0.11
22-07-21,6,0.75,25.2,733.1,117.2,9.62,673,9.37,3.37,-0.07
22-07-21,6,1,25.1,733.2,107,8.81,673,9.35,3.11,-0.13
22-07-21,6,1.25,25.1,733.2,103,8.46,672,9.35,3.21,-0.09
22-07-21,7,0,25.8,733.3,131.1,10.65,706,9.03,7.17,0.09
22-07-21,7,0.5,25.8,733.3,134,10.89,706,9.02,7.28,0.07
22-07-21,7,0.75,25.7,733.3,134.5,10.95,705,9.03,6.86,0.11
22-07-21,7,1,25.6,733.3,136.8,11.15,704,9.03,8.91,0.13
22-07-21,7,1.25,25.6,733.3,130.3,10.64,704,9.01,8.71,0.39
22-07-21,8,0,25.3,732.8,102.4,8.41,718,8.77,4.01,-0.06
22-07-21,8,0.5,25.2,733,102.3,8.39,718,8.76,4.81,-0.02
22-07-21,8,0.75,25.2,733,95.9,7.9,718,8.76,6.77,0.05
22-07-25,1,0,26,741,103.8,8.4,731,8.77,8.16,0.22
22-07-25,1,0.5,26.1,741,104.2,8.43,731,8.77,10.2,0.29
22-07-25,1,0.75,26.1,741.1,104.3,8.44,731,8.77,11.32,0.31
22-07-25,1,1,26,741,104.4,8.45,731,8.77,11.5,0.36
22-07-25,1,1.25,26,741,104.5,8.46,730,8.77,11.35,0.35
22-07-25,1,1.5,26,741.1,104.5,8.46,730,8.77,11.26,0.34
22-07-25,1,1.75,25.9,741.1,104.2,8.45,730,8.76,12.53,0.39
22-07-25,1,2,25.9,741.1,103.9,8.43,731,8.76,12.46,0.4
22-07-25,1,2.25,25.8,741.1,103.7,8.42,731,8.74,13.36,0.44
22-07-25,1,2.5,25.8,741,104.4,8.49,731,8.75,13.16,0.4
22-07-25,1,2.75,25.8,741.1,104.8,8.53,731,8.74,13.1,0.39
22-07-25,1,3,25.7,741,106.8,8.69,733,8.75,12.84,0.39
22-07-25,1,3.25,25.7,741,100.1,8.17,742,8.68,13.24,0.4
22-07-25,2,0,25.3,741.1,109.3,8.97,710,8.77,13.67,0.65
22-07-25,3,0,25.6,741,126.2,10.31,757,8.59,26.31,3.17
22-07-25,3,0.5,24.8,741,131.8,10.89,758,8.69,23.83,2.23
22-07-25,3,0.75,24.2,740.9,81,6.9,829,7.8,7.16,0.47
22-07-25,4,0,25.9,740.9,90.6,7.3,708,8.54,6.77,0.14
22-07-25,4,0.5,25.3,741.1,73.2,6,727,8.29,6.09,0.06
22-07-25,4,0.75,24.6,741,53,4.4,735,7.69,48.12,2.74
22-07-25,5,0,26.1,740.9,104.8,8.47,716,8.88,9.79,0.27
22-07-25,5,0.5,26.1,740.9,105.3,8.51,717,8.87,10.36,0.26
22-07-25,5,0.75,26.1,740.9,105.4,8.51,717,8.87,10.28,0.27
22-07-25,5,1,26.1,740.9,105.5,8.53,717,8.87,10.33,0.25
22-07-25,5,1.25,26.1,740.9,105.6,8.54,717,8.87,10.47,0.24
22-07-25,5,1.5,26.1,740.9,105.3,8.52,717,8.88,10.28,0.28
22-07-25,5,1.75,26,741.1,105.1,8.5,716,8.88,10.77,0.25
22-07-25,5,2,26,741,104.9,8.49,716,8.87,10.36,0.28
22-07-25,5,2.25,26,741,105,8.49,716,8.87,10.63,0.3
22-07-25,5,2.5,26,741.1,102.9,8.34,715,8.86,10.86,0.3
22-07-25,5,2.75,26,741.1,102.2,8.28,715,8.85,11.46,0.32
22-07-25,6,0,25.4,741,12.1,12.11,658,9.65,4.43,-0.01
22-07-25,6,0.5,25.3,741,11.1,11.14,660,9.56,3.33,-0.09
22-07-25,6,0.75,25,741,9.3,9.3,660,9.48,2.86,-0.1
22-07-25,6,1,25,741.1,9.1,9.12,662,9.46,2.39,-0.12
22-07-25,6,1.25,24.9,740.9,9,8.96,662,9.44,2.05,-0.15
22-07-25,7,0,25.5,741.1,106.7,8.72,701,8.94,5.81,0.03
22-07-25,7,0.5,25.5,741.1,107.3,8.76,701,8.94,5.9,0.05
22-07-25,7,0.75,25.5,741.1,111.3,9.09,700,8.96,6.12,0.1
22-07-25,7,1,25.5,741.1,125.4,10.24,699,9.01,6.63,0.09
22-07-25,8,0,24.8,741,86.6,7.16,706,8.62,4.82,-0.02
22-07-25,8,0.5,24.7,741,76.7,6.35,708,8.48,4.6,0.03
22-07-28,1,0,25.6,736.3,105.1,8.57,723,8.79,7.95,0.31
22-07-28,1,0.5,25.6,736.3,105.3,8.59,723,8.79,9.3,0.39
22-07-28,1,0.75,25.6,736.3,105.4,8.59,723,8.79,10.51,0.41
22-07-28,1,1,25.6,736.3,105.6,8.61,723,8.79,11,0.44
22-07-28,1,1.25,25.6,736.3,105.5,8.59,723,8.78,11.72,0.44
22-07-28,1,1.5,25.6,736.3,105.5,8.6,723,8.78,11.16,0.45
22-07-28,1,1.75,25.6,736.3,105.6,8.61,723,8.78,11.65,0.4
22-07-28,1,2,25.6,736.3,105.9,8.64,723,8.78,11.34,0.39
22-07-28,1,2.25,25.6,736.3,105.9,8.64,723,8.78,11.39,0.4
22-07-28,1,2.5,25.6,736.3,105.5,8.61,724,8.77,12.49,0.42
22-07-28,1,2.75,25.6,736.3,104.7,8.55,724,8.76,11.91,0.43
22-07-28,1,3,25.5,736.3,103,8.41,725,8.74,13.56,0.58
22-07-28,1,3.25,25.5,736.3,103,8.41,725,8.74,14.17,0.57
22-07-28,2,0,25.3,736.6,111.7,9.17,724,8.73,6.95,0.18
22-07-28,3,0,25.4,736.6,127,10.34,810,8.4,13.66,1.26
22-07-28,3,0.5,25.3,736.7,120,9.81,827,8.27,21.55,1.92
22-07-28,3,0.75,24.3,736.7,91.1,7.52,875,7.85,30,3.14
22-07-28,3,1,23.4,736.7,78,6.62,889,7.64,34.66,3.68
22-07-28,4,0,26.5,736.8,150.9,12.14,722,8.96,13.53,0.38
22-07-28,4,0.5,25.8,736.9,135.3,10.59,723,8.85,14.64,0.58
22-07-28,5,0,25.9,736.2,112.1,9.1,706,9.04,3.37,0
22-07-28,5,0.5,25.9,736.3,112.7,9.15,706,9.03,5.09,0.03
22-07-28,5,0.75,25.9,736.3,112.7,9.15,706,9.03,5.95,0.04
22-07-28,5,1,25.9,736.3,113.1,9.17,706,9.03,6.19,0.05
22-07-28,5,1.25,25.9,736.2,113.5,9.21,706,9.04,6.65,0.09
22-07-28,5,1.5,25.9,736.3,113.8,9.24,706,9.03,6.61,0.08
22-07-28,5,1.75,25.9,736.2,113.8,9.23,706,9.03,6.84,0.1
22-07-28,5,2,25.9,736.2,114,9.25,705,9.03,7.71,0.1
22-07-28,5,2.25,25.9,736.3,114.2,9.28,705,9.03,7.36,0.1
22-07-28,5,2.5,25.7,736.2,113.9,9.26,705,9.02,7.36,0.12
22-07-28,6,0,25.7,736.3,160.7,13.15,673,9.58,2.21,-0.02
22-07-28,6,0.5,25.5,736.3,147.7,12.17,671,9.55,2.51,0.01
22-07-28,6,0.75,25.4,736.3,137.7,11.22,670,9.54,2.77,-0.03
22-07-28,6,1,25.3,736.3,118.5,9.61,668,9.55,2.72,-0.08
22-07-28,7,0,26.1,736.4,145.3,11.78,701,9.18,4.71,-0.01
22-07-28,7,0.5,26.1,736.5,147.7,11.95,701,9.18,5.4,0.07
22-07-28,7,0.75,26.1,736.5,150.3,12.17,701,9.18,6.22,0.27
22-07-28,8,0,25.5,736.2,125,10.22,709,8.96,4.07,0
22-07-28,8,0.5,25.5,736.1,125,10.22,709,8.95,4.68,0.08
22-07-28,8,0.75,25.4,736.2,123.5,10.17,710,8.94,6.2,0.12
22-08-02,1,0,25.5,737.5,116.9,9.55,724,8.81,5.67,0.09
22-08-02,1,0.5,25.6,737.6,117.3,9.58,724,8.81,5.9,0.12
22-08-02,1,0.75,25.5,737.5,117.7,9.62,723,8.81,7.35,0.18
22-08-02,1,1,25.5,737.5,117.8,9.64,722,8.81,8.18,0.25
22-08-02,1,1.25,25.5,737.5,117.6,9.61,722,8.8,9.15,0.3
22-08-02,1,1.5,25.5,737.5,117.4,9.6,722,8.8,9.29,0.31
22-08-02,1,1.75,25.5,737.5,117.4,9.6,721,8.8,9.22,0.31
22-08-02,1,2,25.5,737.5,116.5,9.52,721,8.8,9.23,0.31
22-08-02,1,2.25,25.5,737.5,116.5,9.52,721,8.8,9.34,0.32
22-08-02,1,2.5,25.4,737.5,115.4,9.44,720,8.79,9.69,0.31
22-08-02,1,2.75,25.4,737.5,107.8,8.82,720,8.76,9.92,0.37
22-08-02,1,3,25.1,737.4,64.3,5.31,749,8.2,12.14,0.53
22-08-02,1,3.25,24.7,737.5,44.3,3.67,776,7.8,15.87,0.93
22-08-02,2,0,25.8,737.5,125.7,10.21,723,8.87,6.64,0.05
22-08-02,2,0.5,24.2,737.5,99.9,8.37,754,8.5,7.51,0.18
22-08-02,3,0,25.3,737.5,132.3,10.98,806,8.59,11.67,0.89
22-08-02,3,0.5,25,737.5,134.5,11.09,806,8.56,14.49,1.27
22-08-02,3,0.75,23.9,737.5,72.4,6.14,984,7.69,6.48,0.3
22-08-02,4,0,25.8,737.4,126.7,10.3,721,8.84,4.34,-0.01
22-08-02,4,0.5,25.4,737.4,90.8,7.53,734,8.44,4.61,0.05
22-08-02,5,0,25.7,737.7,115.2,9.38,710,8.94,4.05,0
22-08-02,5,0.5,25.7,737.8,116.2,9.46,710,8.93,4.71,0.05
22-08-02,5,0.75,25.7,737.7,116.2,9.47,710,8.92,5.51,0.05
22-08-02,5,1,25.7,737.7,116.5,9.49,710,8.92,6,0.07
22-08-02,5,1.25,25.7,737.8,116.7,9.51,710,8.92,7.07,0.1
22-08-02,5,1.5,25.7,737.8,117.2,9.56,711,8.91,7.85,0.16
22-08-02,5,1.75,25.6,737.7,119,9.7,712,8.89,9.77,0.29
22-08-02,5,2,25.5,737.7,119.2,9.75,713,8.86,9.7,0.3
22-08-02,5,2.25,25.5,737.7,118.6,9.69,714,8.85,9.66,0.36
22-08-02,5,2.5,25.5,737.7,117.6,9.61,715,8.84,9.43,0.35
22-08-02,5,2.75,25.5,737.6,113.4,9.29,718,8.81,10.25,0.39
22-08-02,6,0,25.7,737.7,155.6,12.67,678,9.39,3.93,0.06
22-08-02,6,0.5,25.7,737.8,143.4,11.73,680,9.31,3.13,0.06
22-08-02,6,0.75,25.3,737.8,124.3,10.2,682,9.2,3.66,0.07
22-08-02,6,1,25.2,737.8,120.6,9.9,683,9.19,4.16,-0.08
22-08-02,6,1.25,25.1,737.8,117,9.61,684,9.17,3.77,-0.05
22-08-02,7,0,25.7,737.8,140.5,11.45,699,9.04,4.58,0.3
22-08-02,7,0.5,25.7,737.8,142.8,11.64,699,9.05,5.4,0.05
22-08-02,7,0.75,25.6,737.8,150.7,12.3,697,9.08,6.08,0.1
22-08-02,7,1,25.5,737.7,151.5,12.38,696,9.07,6.99,0.11
22-08-02,7,1.25,25.4,737.8,129.4,10.65,697,9.04,8.95,0.52
22-08-02,8,0,24.9,737.8,96.5,7.98,713,8.72,5.01,0.03
22-08-02,8,0.5,24.7,737.8,90,7.46,715,8.67,6,0.03
22-08-04,1,0,25.7,739,108.5,8.84,723,8.81,5.03,0.06
22-08-04,1,0.5,25.6,739,108.5,8.86,723,8.81,5.42,0.13
22-08-04,1,0.75,25.6,739,108.6,8.85,723,8.81,6.4,0.15
22-08-04,1,1,25.6,739.1,108.4,8.85,722,8.81,7.37,0.19
22-08-04,1,1.25,25.5,739,108,8.83,721,8.81,7.57,0.22
22-08-04,1,1.5,25.4,739.2,108,8.84,721,8.81,7.83,0.23
22-08-04,1,1.75,25.4,739,108,8.83,721,8.81,8.42,0.22
22-08-04,1,2,25.4,739,108,8.84,721,8.8,8.52,0.28
22-08-04,1,2.25,25.3,739,108,8.85,721,8.8,8.4,0.23
22-08-04,1,2.5,25.3,739.1,107.7,8.81,722,8.79,8.33,0.32
22-08-04,1,2.75,25.2,739,106.3,8.74,722,8.78,8.78,0.24
22-08-04,1,3,25.1,739,105.4,8.68,722,8.78,8.66,0.24
22-08-04,1,3.25,25,739,95.6,7.9,737,8.54,10.06,0.28
22-08-04,2,0,25.1,739,107.2,8.82,728,8.74,8.2,0.32
22-08-04,2,0.5,24.1,739,61,5.13,743,8.16,9.25,0.25
22-08-04,3,0,24.6,739,108.4,9.01,809,8.38,7.34,0.29
22-08-04,3,0.5,24.2,739,99.3,8.31,825,8.21,10.24,0.64
22-08-04,3,0.75,23.6,739,52.9,4.5,931,7.57,5.78,0.35
22-08-04,3,1,23.4,739,42.2,3.56,978,7.4,4.58,0.33
22-08-04,3,1.25,23.4,739,4.8,0.4,950,6.93,6.06,-0.06
22-08-04,4,0,25,738.9,89.3,7.37,730,8.62,7.88,0.32
22-08-04,4,0.5,24.5,739,42.5,3.56,740,8.18,8.94,0.34
22-08-04,4,0.75,24.3,738.9,31.5,2.63,746,7.92,10.96,0.58
22-08-04,5,0,25.8,739.1,104.3,8.47,715,8.87,4.79,0.12
22-08-04,5,0.5,25.8,739.2,104.8,8.52,716,8.86,4.82,0.1
22-08-04,5,0.75,25.8,739.2,105.1,8.55,716,8.86,6,0.15
22-08-04,5,1,25.7,739.3,105.5,8.59,717,8.59,6.73,0.19
22-08-04,5,1.25,25.7,739.2,105.5,8.59,717,8.86,7.69,0.2
22-08-04,5,1.5,25.6,739.3,105.5,8.63,714,8.91,8.12,0.3
22-08-04,5,1.75,25.5,739.3,105.1,8.59,711,8.91,7.84,0.38
22-08-04,5,2,25.5,739.3,106.9,9.74,709,8.93,8.56,0.35
22-08-04,5,2.25,25.5,739.2,108.3,8.85,709,8.93,8.64,0.34
22-08-04,5,2.5,25.5,739.2,107.1,8.76,710,8.92,8.3,0.35
22-08-04,5,2.75,25.5,739.3,107.1,8.76,710,8.92,8.47,0.33
22-08-04,6,0,26,739.3,203,15.87,676,9.7,2.77,-0.12
22-08-04,6,0.5,25.7,739.3,140,11.47,680,9.42,2.62,-0.03
22-08-04,6,0.75,25,739.3,104,8.59,680,9.26,2.95,-0.07
22-08-04,6,1,24.7,739.3,85.4,7.09,681,9.19,3.17,-0.09
22-08-04,6,1.25,24.5,739.3,70.6,5.88,682,9.14,2.36,-0.12
22-08-04,7,0,26.5,739.3,132.4,10.62,697,9.06,2.58,-0.06
22-08-04,7,0.5,26.4,739.3,128.8,10.36,697,9.04,2.51,-0.07
22-08-04,7,0.75,26.1,739.3,124.2,10.04,699,9,3.75,0
22-08-04,7,1,25.9,739.3,120.4,9.78,701,8.97,4.3,-0.01
22-08-04,7,1.25,25.3,739.3,96.4,7.91,707,8.81,7.23,0.3
22-08-04,8,0,26.6,739.3,120.9,9.68,713,8.87,3.8,-0.02
22-08-04,8,0.5,26.3,739.3,129.8,10.43,712,8.91,4.23,0.02
22-08-12,1,0,25.4,745.8,113.3,9.28,684,8.81,9.26,0.42
22-08-12,1,0.5,25.4,745.9,114.1,9.34,685,8.82,9.32,0.42
22-08-12,1,0.75,25.4,745.9,114.6,9.38,685,8.83,9.49,0.42
22-08-12,1,1,25.4,745.8,114.7,9.38,685,8.84,9.34,0.43
22-08-12,1,1.25,25.4,745.8,114.8,9.4,685,8.84,9.74,0.41
22-08-12,1,1.5,25.4,745.9,114.9,9.4,685,8.84,9.55,0.39
22-08-12,1,1.75,25.4,745.9,114.9,9.4,685,8.83,9.75,0.39
22-08-12,1,2,25.4,745.8,114.9,9.39,685,8.83,9.81,0.43
22-08-12,1,2.25,25.4,745.9,114.6,9.38,685,8.82,9.72,0.41
22-08-12,1,2.5,25.4,745.7,111.9,9.16,686,8.8,10.6,0.43
22-08-12,1,2.75,25.4,745.8,110.5,9.05,686,8.78,11.11,0.45
22-08-12,1,3,25.4,745.8,101,8.27,689,8.52,10.68,0.61
22-08-12,1,3.25,25,745.8,45.7,3.75,727,7.44,8.75,0.94
22-08-12,2,0,24.4,745.8,105.1,8.71,681,8.85,3.07,0.01
22-08-12,2,0.5,24,745.7,67,5.53,697,8.25,5.42,0.2
22-08-12,3,0,24.4,745.6,120.5,10.07,708,8.71,,
22-08-12,3,0.5,24.4,745.6,121,10.08,710,8.71,,
22-08-12,3,0.75,24.4,745.6,110,9.12,727,8.32,,
22-08-12,3,1,23.9,745.6,27.8,2.42,913,7.51,,
22-08-12,3,1.25,22.9,745.6,26.1,2.22,915,7.44,,
22-08-12,4,0,24.7,745.4,131.4,10.87,685,8.92,5.6,0.2
22-08-12,4,0.5,24.7,745.5,120.3,9.93,689,8.83,6.88,0.17
22-08-12,4,0.75,24,745.3,52.1,4.12,708,7.87,6.03,0.61
22-08-12,5,0,25.1,745.9,103.5,8.52,689,8.8,8.38,0.31
22-08-12,5,0.5,25.1,745.9,103.6,8.53,689,8.8,8.2,0.3
22-08-12,5,0.75,25.1,745.9,103.6,8.53,689,8.8,8.42,0.33
22-08-12,5,1,25.1,745.9,103.5,8.52,689,8.8,8.67,0.3
22-08-12,5,1.25,25.1,745.9,103.5,8.52,690,8.8,9.15,0.3
22-08-12,5,1.5,25.1,745.8,103.5,8.52,690,8.8,8.71,0.3
22-08-12,5,1.75,25.1,745.9,103.4,8.51,690,8.8,9.12,0.27
22-08-12,5,2,25.1,745.8,103.3,8.51,689,8.79,8.3,0.29
22-08-12,5,2.25,25.1,745.9,103.4,8.52,689,8.79,8.41,0.27
22-08-12,5,2.5,25.1,745.8,103.4,8.51,689,8.79,8.91,0.3
22-08-12,6,0,25,746.2,88.1,7.27,685,8.96,2.35,0
22-08-12,6,0.5,25,746.2,88,7.26,685,8.96,2.38,0
22-08-12,6,0.75,25,746.2,87.5,7.22,685,8.96,2.45,0
22-08-12,6,1,25,746.1,84.6,6.97,687,8.93,2.62,0
22-08-12,6,1.25,25,746.1,81.2,6.7,689,8.9,2.76,0
22-08-12,7,0,25.3,745.9,136.2,11.17,678,9.1,5.3,0.04
22-08-12,7,0.5,25.3,745.9,127.1,11.25,679,9.12,5.41,0.06
22-08-12,7,0.75,25.3,745.9,137.5,11.28,679,9.12,4.9,0.04
22-08-12,7,1,25.3,745.9,140.3,11.46,678,9.13,5.28,0.02
22-08-12,7,1.25,25.2,745.9,146.8,12.09,677,9.17,6.01,0.04
22-08-12,8,0,24.3,746.2,93.5,7.85,698,8.7,4.47,0.03
22-08-12,8,0.5,24.1,746.2,74.6,6.32,707,8.47,4.27,0.15
22-08-12,8,0.75,23.9,746.2,51.5,4.27,715,8.13,6.01,0.29
22-08-16,1,0,23.6,742.5,105.3,8.91,715,8.73,4.72,0.16
22-08-16,1,0.5,23.6,742.6,105.4,8.92,715,8.73,7.29,0.32
22-08-16,1,0.75,23.6,742.5,105.5,8.94,715,8.73,8.14,0.33
22-08-16,1,1,23.5,742.6,105.6,8.95,714,8.73,8.7,0.37
22-08-16,1,1.25,23.5,742.6,105.5,8.95,715,8.73,9.16,0.36
22-08-16,1,1.5,23.4,742.5,105.3,8.94,714,8.72,9.16,0.36
22-08-16,1,1.75,23.4,742.6,105.1,8.93,714,8.72,9.39,0.35
22-08-16,1,2,23.4,742.6,104.9,8.91,714,8.72,9.76,0.38
22-08-16,1,2.25,23.4,742.6,103.2,8.78,714,8.71,9.35,0.38
22-08-16,1,2.5,23.3,742.6,102.4,8.71,714,8.71,9.19,0.36
22-08-16,1,2.75,23.3,742.6,101.6,8.65,714,8.7,10.26,0.39
22-08-16,1,3,23.2,742.5,95.1,8.12,715,8.64,9.58,0.34
22-08-16,1,3.25,22.9,742.6,53.6,4.63,742,7.9,5.81,0.25
22-08-16,2,0,23.1,742.6,108,9.21,710,8.86,5.37,0.2
22-08-16,3,0,23.5,742.5,133.9,11.35,746,8.77,5.2,0.2
22-08-16,3,0.5,23.4,742.6,132.9,11.29,752,8.73,7.43,0.4
22-08-16,3,0.75,22.8,742.6,106.3,9.11,785,8.47,11.62,0.75
22-08-16,3,1,21.5,742.6,55.1,4.86,889,7.76,3.97,0.14
22-08-16,3,1.25,21.6,742.6,58.4,5.11,877,7.75,4.99,0.18
22-08-16,4,0,23.9,742.3,124.3,10.37,714,8.77,4,0.25
22-08-16,4,0.5,23.8,742.5,110.5,9.3,717,8.71,5.51,0.27
22-08-16,4,0.75,23.3,742.4,52.6,4.5,727,8.16,4.56,0.2
22-08-16,5,0,23.4,742.3,101.9,8.65,716,8.69,7.14,0.42
22-08-16,5,0.5,23.4,742.3,101.8,8.65,716,8.69,9.25,0.51
22-08-16,5,0.75,23.4,742.3,100.8,8.57,716,8.68,10.73,0.58
22-08-16,5,1,23.4,742.4,100.5,8.54,716,8.68,10.65,0.55
22-08-16,5,1.25,23.2,742.3,97.6,8.32,716,8.66,12.29,0.69
22-08-16,5,1.5,23.2,742.3,94.7,8.08,716,8.64,13.31,0.86
22-08-16,5,1.75,23.1,742.3,92,7.85,717,8.62,13.87,0.92
22-08-16,5,2,23.1,742.4,91.5,7.82,717,8.62,14,0.89
22-08-16,5,2.25,23.1,742.5,90.2,7.71,718,8.61,13.47,0.82
22-08-16,5,2.5,23.1,742.4,91.4,7.8,717,8.6,13.77,0.88
22-08-16,5,2.75,23.1,742.5,90.2,7.76,717,8.62,13.71,0.85
22-08-16,6,0,23.1,742.3,148.9,12.73,691,9.3,2.53,-0.02
22-08-16,6,0.5,22.9,742.3,142,12.18,693,9.25,1.9,-0.08
22-08-16,6,0.75,22.8,742.3,127.1,10.94,694,9.17,2.03,-0.1
22-08-16,6,1,22.7,742.3,91.1,7.88,698,9,1.3,-0.15
22-08-16,6,1.25,22.2,742.3,46.5,4.04,714,8.38,1.49,-0.04
22-08-16,7,0,23.4,742.4,102.6,8.73,708,8.81,3.2,-0.06
22-08-16,7,0.5,23.3,742.3,106,9.02,708,8.83,4.84,0.62
22-08-16,7,0.75,23.3,742.3,104.7,8.91,708,8.81,3.79,-0.04
22-08-16,7,1,23.2,742.3,101.5,8.65,708,8.79,4.48,-0.02
22-08-16,7,1.25,23.1,742.3,99.3,8.49,708,8.78,3.99,-0.04
22-08-16,8,0,22.2,742.3,98.5,8.57,716,8.65,5.28,0.11
22-08-16,8,0.5,22,742.3,83.8,7.32,720,8.49,4.64,0.05
22-08-16,8,0.75,21.9,742.3,74.2,6.49,721,8.39,5.48,0.18
22-08-18,1,0,24.2,739.4,126.3,10.62,714,8.84,6.63,0.17
22-08-18,1,0.5,24.2,739.4,127.3,10.66,713,8.84,7.54,0.21
22-08-18,1,0.75,24.2,739.5,127.7,10.69,713,8.83,8.25,0.21
22-08-18,1,1,24.2,739.5,127.8,10.71,714,8.83,8.5,0.26
22-08-18,1,1.25,24.1,739.5,128,10.78,715,8.82,9.99,0.27
22-08-18,1,1.5,23.9,739.5,130.4,10.99,715,8.82,10.35,0.27
22-08-18,1,1.75,23.8,739.5,130.8,11.02,714,8.82,10.4,0.29
22-08-18,1,2,23.8,739.6,126.4,10.6,715,8.77,10.93,0.39
22-08-18,1,2.25,23.7,739.6,116.2,9.82,717,8.72,11.01,0.42
22-08-18,1,2.5,23.6,739.5,109.4,9.29,719,8.69,10.61,0.43
22-08-18,1,2.75,23.4,739.4,81.6,6.94,744,8.3,8.85,0.47
22-08-18,1,3,23.3,739.4,78.3,6.66,755,8.18,8.44,0.43
22-08-18,1,3.25,23.1,739.5,64.5,5.46,792,7.89,8.66,0.57
22-08-18,2,0,24.2,739.3,104.4,8.74,715,8.83,3.6,0
22-08-18,2,0.5,22.9,739.4,81.2,7.04,722,8.68,2.86,0
22-08-18,3,0,24.9,739.3,174.9,14.41,740,8.99,7.18,0.23
22-08-18,3,0.5,24.5,739.3,150.7,12.39,749,8.84,23.84,0.62
22-08-18,3,0.75,24.2,739.3,115.6,9.64,807,8.46,9.07,0.47
22-08-18,3,1,23.2,739.3,80.6,6.83,857,8.12,4.78,0.01
22-08-18,3,1.25,22.6,739.3,64.1,5.52,881,7.93,2.82,0
22-08-18,4,0,24.9,739.2,139.6,11.54,714,8.94,2.83,0
22-08-18,4,0.5,24.3,739.2,100.1,8.38,721,8.7,2.72,0
22-08-18,4,0.75,23.8,739.2,52.3,4.36,733,8.18,3.25,0
22-08-18,5,0,24.5,739,126.6,10.55,716,8.86,5.75,0.04
22-08-18,5,0.5,24.4,739,127,10.59,716,8.85,7.09,0.08
22-08-18,5,0.75,24.4,739.1,127.3,10.61,716,8.85,6.34,0.09
22-08-18,5,1,24.4,739.1,127.5,10.63,716,8.85,7.4,0.12
22-08-18,5,1.25,24.4,739.1,127.6,10.64,716,8.85,7.55,0.12
22-08-18,5,1.5,24.4,739,127.7,10.66,715,8.85,7.3,0.09
22-08-18,5,1.75,24,739.1,127,10.67,714,8.85,10.27,0.3
22-08-18,5,2,23.5,739.2,117.2,9.88,714,8.81,10.4,0.38
22-08-18,5,2.25,23.4,739.2,111,9.36,715,8.78,10.11,0.42
22-08-18,5,2.5,23.3,739.2,106.6,9.06,715,8.77,10.63,
22-08-18,6,0,25.6,738.8,187.4,15.14,700,9.36,4.38,0.15
22-08-18,6,0.5,24.2,738.8,159.1,13.5,696,9.29,3.09,0
22-08-18,6,0.75,23.9,738.8,133.1,11.28,698,9.23,1.71,0.14
22-08-18,6,1,23.7,738.8,103.4,8.67,709,9.02,1.81,0
22-08-18,6,1.25,23.5,738.7,62.4,5.2,723,8.73,2.82,0
22-08-18,7,0,25.1,739,149.5,12.32,706,9.06,3.33,0
22-08-18,7,0.5,25.1,739,157.3,12.45,706,9.05,3.23,0
22-08-18,7,0.75,25,739,151.8,12.49,707,9.05,7.71,0
22-08-18,7,1,24.9,739,153,12.69,707,9.05,4.1,0
22-08-18,7,1.25,24.6,739,156.4,12.47,706,9.08,5.32,0
22-08-18,7,1.5,24.3,739,140.7,11.73,707,9.02,5.49,0.08
22-08-18,8,0,25.6,738.5,152.2,12.43,719,8.99,6.33,0.08
22-08-18,8,0.5,24.5,738.5,140,11.6,720,8.85,7.78,0.14
22-08-18,8,0.75,23.6,738.4,54.5,4.58,741,8.05,6.4,1.34