datetime,DO_mgL,Temp_C,buoy
6/21/22 10:00,8.47,22.76,mid
6/21/22 10:30,8.05,26.06,mid
6/21/22 11:00,7.38,32.12,mid
6/21/22 11:30,6.95,34.4,mid
6/21/22 12:00,11.14,25.32,mid
6/21/22 12:30,11.26,25.16,mid
6/21/22 13:00,11.08,25.28,mid
6/21/22 13:30,11.14,25.4,mid
6/21/22 14:00,10.94,25.5,mid
6/21/22 14:30,10.91,25.6,mid
6/21/22 15:00,11.33,25.86,mid
6/21/22 15:30,11.33,26.04,mid
6/21/22 16:00,11.43,26.16,mid
6/21/22 16:30,11.3,26.16,mid
6/21/22 17:00,11.39,26.26,mid
6/21/22 17:30,11.44,26.28,mid
6/21/22 18:00,11.39,26.16,mid
6/21/22 18:30,11.55,26.08,mid
6/21/22 19:00,11.47,26.04,mid
6/21/22 19:30,11.48,26.06,mid
6/21/22 20:00,11.35,26.1,mid
6/21/22 20:30,11.41,26.14,mid
6/21/22 21:00,11.42,26.16,mid
6/21/22 21:30,11.35,26.14,mid
6/21/22 22:00,11.26,26.1,mid
6/21/22 22:30,11.05,26.06,mid
6/21/22 23:00,10.91,26,mid
6/21/22 23:30,10.81,25.94,mid
6/22/22 0:00,10.69,25.9,mid
6/22/22 0:30,10.59,25.84,mid
6/22/22 1:00,10.48,25.8,mid
6/22/22 1:30,10.41,25.74,mid
6/22/22 2:00,10.32,25.68,mid
6/22/22 2:30,10.21,25.64,mid
6/22/22 3:00,10.17,25.58,mid
6/22/22 3:30,10.06,25.56,mid
6/22/22 4:00,9.91,25.5,mid
6/22/22 4:30,9.75,25.46,mid
6/22/22 5:00,9.61,25.42,mid
6/22/22 5:30,9.54,25.38,mid
6/22/22 6:00,9.53,25.36,mid
6/22/22 6:30,9.44,25.32,mid
6/22/22 7:00,9.56,25.3,mid
6/22/22 7:30,9.66,25.3,mid
6/22/22 8:00,9.74,25.32,mid
6/22/22 8:30,9.94,25.34,mid
6/22/22 9:00,10.14,25.38,mid
6/22/22 9:30,10.25,25.48,mid
6/22/22 10:00,10.34,25.58,mid
6/22/22 10:30,10.5,25.68,mid
6/22/22 11:00,10.58,25.82,mid
6/22/22 11:30,10.75,25.98,mid
6/22/22 12:00,10.87,26.16,mid
6/22/22 12:30,11.1,26.34,mid
6/22/22 13:00,11.28,26.52,mid
6/22/22 13:30,11.43,26.66,mid
6/22/22 14:00,11.62,26.78,mid
6/22/22 14:30,11.77,26.94,mid
6/22/22 15:00,11.91,27.1,mid
6/22/22 15:30,12.09,27.24,mid
6/22/22 16:00,12.19,27.3,mid
6/22/22 16:30,12.44,27.3,mid
6/22/22 17:00,12.53,27.32,mid
6/22/22 17:30,12.68,27.36,mid
6/22/22 18:00,12.79,27.26,mid
6/22/22 18:30,12.91,27.16,mid
6/22/22 19:00,12.97,27.04,mid
6/22/22 19:30,12.8,26.96,mid
6/22/22 20:00,12.56,26.84,mid
6/22/22 20:30,12.36,26.74,mid
6/22/22 21:00,12.31,26.68,mid
6/22/22 21:30,12.23,26.64,mid
6/22/22 22:00,12.22,26.56,mid
6/22/22 22:30,12.15,26.5,mid
6/22/22 23:00,12,26.44,mid
6/22/22 23:30,11.99,26.36,mid
6/23/22 0:00,11.93,26.3,mid
6/23/22 0:30,11.77,26.26,mid
6/23/22 1:00,11.71,26.2,mid
6/23/22 1:30,11.79,26.14,mid
6/23/22 2:00,11.7,26.08,mid
6/23/22 2:30,11.64,26.04,mid
6/23/22 3:00,11.61,25.98,mid
6/23/22 3:30,11.63,25.92,mid
6/23/22 4:00,11.63,25.86,mid
6/23/22 4:30,11.62,25.82,mid
6/23/22 5:00,11.58,25.74,mid
6/23/22 5:30,11.51,25.7,mid
6/23/22 6:00,11.52,25.66,mid
6/23/22 6:30,11.45,25.62,mid
6/23/22 7:00,11.36,25.62,mid
6/23/22 7:30,11.17,25.66,mid
6/23/22 8:00,11.2,25.7,mid
6/23/22 8:30,11.5,25.8,mid
6/23/22 9:00,11.7,25.86,mid
6/23/22 9:30,11.61,25.94,mid
6/23/22 10:00,11.69,26.08,mid
6/23/22 10:30,11.95,26.24,mid
6/23/22 11:00,11.96,26.38,mid
6/23/22 11:30,12.3,26.64,mid
6/23/22 12:00,11.51,27.24,mid
6/23/22 12:30,11.31,27.48,mid
6/23/22 13:00,11.19,27.74,mid
6/23/22 13:30,11.19,28,mid
6/23/22 14:00,11.36,28.16,mid
6/23/22 14:30,11.75,28.18,mid
6/23/22 15:00,11.61,28.22,mid
6/23/22 15:30,11.81,28.28,mid
6/23/22 16:00,11.88,28.26,mid
6/23/22 16:30,11.35,28.18,mid
6/23/22 17:00,12.41,27.98,mid
6/23/22 17:30,13.03,27.62,mid
6/23/22 18:00,12.92,27.38,mid
6/23/22 18:30,12.96,27.18,mid
6/23/22 19:00,13.45,27.08,mid
6/23/22 19:30,13.92,26.96,mid
6/23/22 20:00,13.77,26.86,mid
6/23/22 20:30,13.64,26.78,mid
6/23/22 21:00,13.64,26.72,mid
6/23/22 21:30,13.24,26.7,mid
6/23/22 22:00,13.13,26.76,mid
6/23/22 22:30,12.94,26.8,mid
6/23/22 23:00,12.88,26.84,mid
6/23/22 23:30,13.32,26.8,mid
6/24/22 0:00,13.22,26.7,mid
6/24/22 0:30,12.91,26.68,mid
6/24/22 1:00,12.68,26.66,mid
6/24/22 1:30,12.57,26.6,mid
6/24/22 2:00,12.46,26.56,mid
6/24/22 2:30,12.28,26.52,mid
6/24/22 3:00,12.27,26.46,mid
6/24/22 3:30,12.2,26.42,mid
6/24/22 4:00,12.16,26.4,mid
6/24/22 4:30,12.11,26.36,mid
6/24/22 5:00,11.9,26.3,mid
6/24/22 5:30,11.85,26.26,mid
6/24/22 6:00,11.78,26.2,mid
6/24/22 6:30,11.67,26.2,mid
6/24/22 7:00,11.64,26.22,mid
6/24/22 7:30,11.58,26.26,mid
6/24/22 8:00,11.76,26.26,mid
6/24/22 8:30,11.79,26.36,mid
6/24/22 9:00,11.86,26.4,mid
6/24/22 9:30,12.02,26.52,mid
6/24/22 10:00,12.02,26.56,mid
6/24/22 10:30,12.54,26.62,mid
6/24/22 11:00,12.61,26.7,mid
6/24/22 11:30,12.65,26.68,mid
6/24/22 12:00,12.64,26.64,mid
6/24/22 12:30,12.87,26.64,mid
6/24/22 13:00,12.92,26.8,mid
6/24/22 13:30,12.59,26.86,mid
6/24/22 14:00,13.28,27.04,mid
6/24/22 14:30,13.23,27.3,mid
6/24/22 15:00,12.77,27.28,mid
6/24/22 15:30,13.25,27.6,mid
6/24/22 16:00,13.63,27.74,mid
6/24/22 16:30,13.36,27.7,mid
6/24/22 17:00,13.28,27.68,mid
6/24/22 17:30,13.58,27.76,mid
6/24/22 18:00,14.32,27.74,mid
6/24/22 18:30,14.09,27.7,mid
6/24/22 19:00,14.34,27.64,mid
6/24/22 19:30,14.03,27.54,mid
6/24/22 20:00,13.75,27.48,mid
6/24/22 20:30,13.75,27.38,mid
6/24/22 21:00,12.53,27.38,mid
6/24/22 21:30,12.57,27.42,mid
6/24/22 22:00,12.38,27.46,mid
6/24/22 22:30,12.25,27.46,mid
6/24/22 23:00,12.03,27.44,mid
6/24/22 23:30,11.91,27.42,mid
6/25/22 0:00,11.7,27.4,mid
6/25/22 0:30,11.63,27.38,mid
6/25/22 1:00,11.49,27.34,mid
6/25/22 1:30,6.07,27.28,mid
6/25/22 2:00,9.91,27.22,mid
6/25/22 2:30,10.72,27.16,mid
6/25/22 3:00,10.83,27.1,mid
6/25/22 3:30,10.94,27.06,mid
6/25/22 4:00,10.91,27.02,mid
6/25/22 4:30,10.88,26.98,mid
6/25/22 5:00,10.69,26.94,mid
6/25/22 5:30,10.32,26.9,mid
6/25/22 6:00,10.81,26.86,mid
6/25/22 6:30,10.91,26.82,mid
6/25/22 7:00,10.82,26.74,mid
6/25/22 7:30,10.64,26.7,mid
6/25/22 8:00,10.48,26.64,mid
6/25/22 8:30,10.25,26.6,mid
6/25/22 9:00,10.17,26.52,mid
6/25/22 9:30,10.1,26.48,mid
6/25/22 10:00,10.41,26.46,mid
6/25/22 10:30,10.37,26.42,mid
6/25/22 11:00,10.31,26.38,mid
6/25/22 11:30,10.43,26.34,mid
6/25/22 12:00,10.43,26.28,mid
6/25/22 12:30,10.37,26.24,mid
6/25/22 13:00,10.23,26.22,mid
6/25/22 13:30,10.16,26.16,mid
6/25/22 14:00,10.12,26.16,mid
6/25/22 14:30,10.06,26.16,mid
6/25/22 15:00,10.03,26.14,mid
6/25/22 15:30,10,26.14,mid
6/25/22 16:00,10.21,26.12,mid
6/25/22 16:30,10.41,26.1,mid
6/25/22 17:00,10.22,26.08,mid
6/25/22 17:30,10.34,26.08,mid
6/25/22 18:00,10.19,26.08,mid
6/25/22 18:30,10.14,26.06,mid
6/25/22 19:00,9.92,26.04,mid
6/25/22 19:30,10.42,26.02,mid
6/25/22 20:00,10.29,26,mid
6/25/22 20:30,10.22,25.98,mid
6/25/22 21:00,10.06,25.96,mid
6/25/22 21:30,9.87,25.94,mid
6/25/22 22:00,9.99,25.9,mid
6/25/22 22:30,9.75,25.88,mid
6/25/22 23:00,9.63,25.86,mid
6/25/22 23:30,9.4,25.82,mid
6/26/22 0:00,9.38,25.8,mid
6/26/22 0:30,9.1,25.76,mid
6/26/22 1:00,9.18,25.72,mid
6/26/22 1:30,9.07,25.68,mid
6/26/22 2:00,9.07,25.66,mid
6/26/22 2:30,9.02,25.64,mid
6/26/22 3:00,8.55,25.6,mid
6/26/22 3:30,8.74,25.54,mid
6/26/22 4:00,8.67,25.48,mid
6/26/22 4:30,8.51,25.42,mid
6/26/22 5:00,7.95,25.38,mid
6/26/22 5:30,7.99,25.28,mid
6/26/22 6:00,7.72,25.2,mid
6/26/22 6:30,7.33,25.14,mid
6/26/22 7:00,6.95,25.12,mid
6/26/22 7:30,7.12,25.1,mid
6/26/22 8:00,7.12,25.1,mid
6/26/22 8:30,7.27,25.1,mid
6/26/22 9:00,7.22,25.1,mid
6/26/22 9:30,7.36,25.14,mid
6/26/22 10:00,7.58,25.16,mid
6/26/22 10:30,7.73,25.22,mid
6/26/22 11:00,7.48,25.26,mid
6/26/22 11:30,7.55,25.34,mid
6/26/22 12:00,7.84,25.4,mid
6/26/22 12:30,7.95,25.44,mid
6/26/22 13:00,7.96,25.48,mid
6/26/22 13:30,7.92,25.58,mid
6/26/22 14:00,7.97,25.64,mid
6/26/22 14:30,8.15,25.64,mid
6/26/22 15:00,8.26,25.68,mid
6/26/22 15:30,8.49,25.72,mid
6/26/22 16:00,8.59,25.76,mid
6/26/22 16:30,8.74,25.78,mid
6/26/22 17:00,8.98,25.78,mid
6/26/22 17:30,9.18,25.74,mid
6/26/22 18:00,9.27,25.68,mid
6/26/22 18:30,9.38,25.62,mid
6/26/22 19:00,9.36,25.56,mid
6/26/22 19:30,9.25,25.46,mid
6/26/22 20:00,9.07,25.36,mid
6/26/22 20:30,9.02,25.28,mid
6/26/22 21:00,8.73,25.22,mid
6/26/22 21:30,8.52,25.12,mid
6/26/22 22:00,8.34,25.1,mid
6/26/22 22:30,8.21,25.06,mid
6/26/22 23:00,8.06,25,mid
6/26/22 23:30,7.92,24.92,mid
6/27/22 0:00,7.68,24.88,mid
6/27/22 0:30,7.54,24.84,mid
6/27/22 1:00,7.39,24.76,mid
6/27/22 1:30,7.27,24.72,mid
6/27/22 2:00,7.03,24.66,mid
6/27/22 2:30,6.84,24.62,mid
6/27/22 3:00,6.69,24.56,mid
6/27/22 3:30,6.5,24.54,mid
6/27/22 4:00,6.09,24.5,mid
6/27/22 4:30,5.97,24.4,mid
6/27/22 5:00,5.95,24.36,mid
6/27/22 5:30,6.03,24.32,mid
6/27/22 6:00,5.89,24.28,mid
6/27/22 6:30,5.87,24.24,mid
6/27/22 7:00,5.9,24.22,mid
6/27/22 7:30,5.87,24.2,mid
6/27/22 8:00,6.4,24.22,mid
6/27/22 8:30,6.91,24.3,mid
6/27/22 9:00,7.07,24.4,mid
6/27/22 9:30,7.12,24.52,mid
6/27/22 10:00,7.24,24.6,mid
6/27/22 10:30,7.4,24.66,mid
6/27/22 11:00,7.72,24.74,mid
6/27/22 11:30,8.2,24.84,mid
6/27/22 12:00,8.41,24.94,mid
6/27/22 12:30,8.47,25.08,mid
6/27/22 13:00,8.43,25.22,mid
6/27/22 13:30,8.57,25.32,mid
6/27/22 14:00,8.61,25.44,mid
6/27/22 14:30,8.86,25.56,mid
6/27/22 15:00,9.2,25.66,mid
6/27/22 15:30,9.52,25.72,mid
6/27/22 16:00,9.79,25.78,mid
6/27/22 16:30,9.97,25.84,mid
6/27/22 17:00,10.18,25.86,mid
6/27/22 17:30,10.31,25.86,mid
6/27/22 18:00,10.49,25.84,mid
6/27/22 18:30,10.61,25.8,mid
6/27/22 19:00,10.68,25.72,mid
6/27/22 19:30,10.81,25.62,mid
6/27/22 20:00,10.8,25.52,mid
6/27/22 20:30,10.69,25.46,mid
6/27/22 21:00,10.57,25.38,mid
6/27/22 21:30,10.59,25.3,mid
6/27/22 22:00,10.49,25.22,mid
6/27/22 22:30,10.3,25.16,mid
6/27/22 23:00,10.17,25.08,mid
6/27/22 23:30,10.11,25,mid
6/28/22 0:00,9.9,24.92,mid
6/28/22 0:30,9.79,24.84,mid
6/28/22 1:00,9.61,24.8,mid
6/28/22 1:30,9.51,24.74,mid
6/28/22 2:00,9.28,24.66,mid
6/28/22 2:30,9.27,24.62,mid
6/28/22 3:00,9.27,24.58,mid
6/28/22 3:30,9.18,24.52,mid
6/28/22 4:00,9.16,24.48,mid
6/28/22 4:30,9.05,24.44,mid
6/28/22 5:00,9.05,24.38,mid
6/28/22 5:30,9.02,24.36,mid
6/28/22 6:00,8.97,24.3,mid
6/28/22 6:30,8.81,24.2,mid
6/28/22 7:00,8.77,24.24,mid
6/28/22 7:30,8.99,24.24,mid
6/28/22 8:00,9.24,24.28,mid
6/28/22 8:30,9.33,24.34,mid
6/28/22 9:00,9.57,24.36,mid
6/28/22 9:30,9.42,24.46,mid
6/28/22 10:00,9.43,24.54,mid
6/28/22 10:30,9.56,24.66,mid
6/28/22 11:00,9.76,24.72,mid
6/28/22 11:30,10.32,24.8,mid
6/28/22 12:00,9.71,24.74,mid
6/28/22 12:30,9.92,24.86,mid
6/28/22 13:00,9.94,24.88,mid
6/28/22 13:30,10.16,24.94,mid
6/28/22 14:00,10.29,25.08,mid
6/28/22 14:30,10.81,25.12,mid
6/28/22 15:00,10.93,25.18,mid
6/28/22 15:30,10.83,25.12,mid
6/28/22 16:00,11.39,25.14,mid
6/28/22 16:30,11.76,25.18,mid
6/28/22 17:00,11.86,25.2,mid
6/28/22 17:30,11.58,25.18,mid
6/28/22 18:00,11.46,25.12,mid
6/28/22 18:30,11.17,25.04,mid
6/28/22 19:00,10.93,24.94,mid
6/28/22 19:30,10.68,24.88,mid
6/28/22 20:00,10.46,24.8,mid
6/28/22 20:30,10.34,24.74,mid
6/28/22 21:00,10.19,24.7,mid
6/28/22 21:30,9.95,24.66,mid
6/28/22 22:00,9.8,24.64,mid
6/28/22 22:30,9.58,24.6,mid
6/28/22 23:00,9.33,24.58,mid
6/28/22 23:30,9.27,24.58,mid
6/29/22 0:00,9.16,24.54,mid
6/29/22 0:30,9.16,24.48,mid
6/29/22 1:00,9.07,24.46,mid
6/29/22 1:30,8.97,24.42,mid
6/29/22 2:00,8.86,24.38,mid
6/29/22 2:30,8.69,24.34,mid
6/29/22 3:00,8.52,24.32,mid
6/29/22 3:30,8.26,24.28,mid
6/29/22 4:00,8.4,24.26,mid
6/29/22 4:30,8.22,24.22,mid
6/29/22 5:00,8.18,24.18,mid
6/29/22 5:30,8.05,24.16,mid
6/29/22 6:00,7.94,24.14,mid
6/29/22 6:30,8,24.12,mid
6/29/22 7:00,8.06,24.16,mid
6/29/22 7:30,8.02,24.22,mid
6/29/22 8:00,8.15,24.3,mid
6/29/22 8:30,8.99,24.42,mid
6/29/22 9:00,9.11,24.6,mid
6/29/22 9:30,9.48,24.82,mid
6/29/22 10:00,9.62,25.02,mid
6/29/22 10:30,9.61,25.24,mid
6/29/22 11:00,9.7,25.6,mid
6/29/22 11:30,9.7,25.86,mid
6/29/22 12:00,9.81,26.18,mid
6/29/22 12:30,9.94,26.26,mid
6/29/22 13:00,10.01,26.58,mid
6/29/22 13:30,10.04,26.8,mid
6/29/22 14:00,10.27,27.02,mid
6/29/22 14:30,10.13,27.34,mid
6/29/22 15:00,10.22,27.48,mid
6/29/22 15:30,10.29,27.6,mid
6/29/22 16:00,10.4,27.72,mid
6/29/22 16:30,10.56,27.86,mid
6/29/22 17:00,10.92,27.86,mid
6/29/22 17:30,10.96,27.86,mid
6/29/22 18:00,11.28,27.84,mid
6/29/22 18:30,11.54,27.78,mid
6/29/22 19:00,11.79,27.7,mid
6/29/22 19:30,11.99,27.56,mid
6/29/22 20:00,11.97,27.46,mid
6/29/22 20:30,11.94,27.34,mid
6/29/22 21:00,11.85,27.24,mid
6/29/22 21:30,11.94,27.16,mid
6/29/22 22:00,11.88,27.08,mid
6/29/22 22:30,11.67,27,mid
6/29/22 23:00,11.68,26.94,mid
6/29/22 23:30,11.64,26.84,mid
6/30/22 0:00,11.54,26.68,mid
6/30/22 0:30,11.41,26.56,mid
6/30/22 1:00,11.35,26.4,mid
6/30/22 1:30,12,26.22,mid
6/30/22 2:00,11.58,25.92,mid
6/30/22 2:30,11.49,25.66,mid
6/30/22 3:00,11.27,25.46,mid
6/30/22 3:30,11.52,25.32,mid
6/30/22 4:00,11.55,25.22,mid
6/30/22 4:30,11.53,25.12,mid
6/30/22 5:00,11.2,25,mid
6/30/22 5:30,11.11,24.9,mid
6/30/22 6:00,10.9,24.82,mid
6/30/22 6:30,10.82,24.76,mid
6/30/22 7:00,10.73,24.72,mid
6/30/22 7:30,10.74,24.7,mid
6/30/22 8:00,10.74,24.7,mid
6/30/22 8:30,10.87,24.72,mid
6/30/22 9:00,10.95,24.7,mid
6/30/22 9:30,11.14,24.76,mid
6/30/22 10:00,11.25,24.82,mid
6/30/22 10:30,11.34,24.94,mid
6/30/22 11:00,11.22,25.06,mid
6/30/22 11:30,11.36,25.18,mid
6/30/22 12:00,11.31,25.28,mid
6/30/22 12:30,11.5,25.34,mid
6/30/22 13:00,10.86,25.44,mid
6/30/22 13:30,11,25.5,mid
6/30/22 14:00,11.01,25.5,mid
6/30/22 14:30,11.05,25.48,mid
6/30/22 15:00,10.96,25.48,mid
6/30/22 15:30,10.84,25.56,mid
6/30/22 16:00,10.75,25.6,mid
6/30/22 16:30,10.81,25.66,mid
6/30/22 17:00,10.91,25.7,mid
6/30/22 17:30,11.15,25.74,mid
6/30/22 18:00,11.47,25.76,mid
6/30/22 18:30,11.5,25.72,mid
6/30/22 19:00,11.43,25.66,mid
6/30/22 19:30,11.35,25.6,mid
6/30/22 20:00,11.13,25.56,mid
6/30/22 20:30,10.88,25.54,mid
6/30/22 21:00,10.92,25.5,mid
6/30/22 21:30,10.44,25.46,mid
6/30/22 22:00,10.2,25.46,mid
6/30/22 22:30,10.17,25.46,mid
6/30/22 23:00,10.08,25.44,mid
6/30/22 23:30,10,25.4,mid
7/1/22 0:00,9.87,25.36,mid
7/1/22 0:30,9.78,25.34,mid
7/1/22 1:00,9.6,25.3,mid
7/1/22 1:30,9.49,25.26,mid
7/1/22 2:00,9.41,25.24,mid
7/1/22 2:30,9.2,25.2,mid
7/1/22 3:00,9.16,25.2,mid
7/1/22 3:30,9.07,25.18,mid
7/1/22 4:00,9.06,25.16,mid
7/1/22 4:30,9.12,25.14,mid
7/1/22 5:00,9.2,25.08,mid
7/1/22 5:30,9.01,25.06,mid
7/1/22 6:00,9.16,25.02,mid
7/1/22 6:30,9.04,25,mid
7/1/22 7:00,9.14,25,mid
7/1/22 7:30,9.26,25.02,mid
7/1/22 8:00,9.39,25.06,mid
7/1/22 8:30,9.49,25.1,mid
7/1/22 9:00,9.58,25.14,mid
7/1/22 9:30,9.69,25.2,mid
7/1/22 10:00,9.76,25.26,mid
7/1/22 10:30,9.85,25.32,mid
7/1/22 11:00,9.89,25.44,mid
7/1/22 11:30,10.05,25.62,mid
7/1/22 12:00,10.1,25.82,mid
7/1/22 12:30,10.1,26.06,mid
7/1/22 13:00,10.1,26.26,mid
7/1/22 13:30,10.22,26.34,mid
7/1/22 14:00,10.28,26.34,mid
7/1/22 14:30,10.45,26.46,mid
7/1/22 15:00,10.55,26.54,mid
7/1/22 15:30,10.64,26.52,mid
7/1/22 16:00,10.79,26.48,mid
7/1/22 16:30,10.98,26.44,mid
7/1/22 17:00,11.09,26.46,mid
7/1/22 17:30,11.29,26.52,mid
7/1/22 18:00,11.39,26.46,mid
7/1/22 18:30,11.75,26.42,mid
7/1/22 19:00,12.31,26.3,mid
7/1/22 19:30,12.7,26.14,mid
7/1/22 20:00,12.91,26,mid
7/1/22 20:30,12.7,25.9,mid
7/1/22 21:00,12.27,25.82,mid
7/1/22 21:30,12.04,25.74,mid
7/1/22 22:00,11.79,25.66,mid
7/1/22 22:30,11.61,25.58,mid
7/1/22 23:00,11.6,25.5,mid
7/1/22 23:30,11.39,25.44,mid
7/2/22 0:00,10.97,25.38,mid
7/2/22 0:30,10.94,25.34,mid
7/2/22 1:00,10.8,25.28,mid
7/2/22 1:30,10.53,25.24,mid
7/2/22 2:00,10.37,25.18,mid
7/2/22 2:30,10.24,25.14,mid
7/2/22 3:00,10.31,25.08,mid
7/2/22 3:30,10.04,25.02,mid
7/2/22 4:00,9.87,24.98,mid
7/2/22 4:30,10.15,24.92,mid
7/2/22 5:00,10.17,24.9,mid
7/2/22 5:30,10.08,24.84,mid
7/2/22 6:00,9.86,24.8,mid
7/2/22 6:30,9.66,24.8,mid
7/2/22 7:00,9.75,24.78,mid
7/2/22 7:30,9.77,24.82,mid
7/2/22 8:00,9.92,24.84,mid
7/2/22 8:30,10.13,24.9,mid
7/2/22 9:00,10.17,25,mid
7/2/22 9:30,10.26,25.1,mid
7/2/22 10:00,10.31,25.18,mid
7/2/22 10:30,10.63,25.34,mid
7/2/22 11:00,11.34,25.48,mid
7/2/22 11:30,11.45,25.68,mid
7/2/22 12:00,11.31,25.84,mid
7/2/22 12:30,11.65,26.02,mid
7/2/22 13:00,11.86,26.04,mid
7/2/22 13:30,11.07,25.88,mid
7/2/22 14:00,10.64,25.66,mid
7/2/22 14:30,10.6,25.6,mid
7/2/22 15:00,10.47,25.46,mid
7/2/22 15:30,10.5,25.42,mid
7/2/22 16:00,9.87,25.4,mid
7/2/22 16:30,10.33,25.38,mid
7/2/22 17:00,11.02,25.34,mid
7/2/22 17:30,11.27,25.34,mid
7/2/22 18:00,11.1,25.26,mid
7/2/22 18:30,10.96,25.18,mid
7/2/22 19:00,10.82,25.12,mid
7/2/22 19:30,10.66,25.08,mid
7/2/22 20:00,10.61,25.06,mid
7/2/22 20:30,10.57,25.02,mid
7/2/22 21:00,10.54,25,mid
7/2/22 21:30,10.31,24.96,mid
7/2/22 22:00,10.13,24.94,mid
7/2/22 22:30,10.1,24.9,mid
7/2/22 23:00,10.06,24.88,mid
7/2/22 23:30,10.05,24.86,mid
7/3/22 0:00,9.83,24.84,mid
7/3/22 0:30,9.71,24.8,mid
7/3/22 1:00,9.62,24.78,mid
7/3/22 1:30,9.57,24.74,mid
7/3/22 2:00,9.49,24.72,mid
7/3/22 2:30,9.16,24.68,mid
7/3/22 3:00,9.28,24.62,mid
7/3/22 3:30,9.16,24.56,mid
7/3/22 4:00,9.1,24.54,mid
7/3/22 4:30,8.88,24.5,mid
7/3/22 5:00,8.82,24.48,mid
7/3/22 5:30,8.61,24.44,mid
7/3/22 6:00,8.56,24.42,mid
7/3/22 6:30,8.46,24.42,mid
7/3/22 7:00,8.47,24.42,mid
7/3/22 7:30,9.32,24.52,mid
7/3/22 8:00,9.4,24.7,mid
7/3/22 8:30,9.91,24.88,mid
7/3/22 9:00,9.75,25.08,mid
7/3/22 9:30,9.87,25.3,mid
7/3/22 10:00,9.98,25.64,mid
7/3/22 10:30,9.96,25.78,mid
7/3/22 11:00,9.81,26.22,mid
7/3/22 11:30,10.04,26.56,mid
7/3/22 12:00,10.2,26.78,mid
7/3/22 12:30,10.29,26.96,mid
7/3/22 13:00,10.34,27.24,mid
7/3/22 13:30,10.44,27.46,mid
7/3/22 14:00,10.59,27.54,mid
7/3/22 14:30,10.88,27.52,mid
7/3/22 15:00,11.21,27.6,mid
7/3/22 15:30,11.47,27.62,mid
7/3/22 16:00,11.55,27.48,mid
7/3/22 16:30,11.64,27.38,mid
7/3/22 17:00,12.15,27.18,mid
7/3/22 17:30,12.91,26.44,mid
7/3/22 18:00,12.84,26.02,mid
7/3/22 18:30,13.95,25.84,mid
7/3/22 19:00,14.13,25.8,mid
7/3/22 19:30,13.52,25.84,mid
7/3/22 20:00,12.87,25.76,mid
7/3/22 20:30,12.69,25.86,mid
7/3/22 21:00,12.79,26.08,mid
7/3/22 21:30,12.81,26.3,mid
7/3/22 22:00,12.69,26.38,mid
7/3/22 22:30,12.7,26.48,mid
7/3/22 23:00,12.47,26.36,mid
7/3/22 23:30,12.87,26.34,mid
7/4/22 0:00,12.65,26.28,mid
7/4/22 0:30,12.14,26.24,mid
7/4/22 1:00,12.09,26.2,mid
7/4/22 1:30,11.97,26.14,mid
7/4/22 2:00,11.78,26.08,mid
7/4/22 2:30,11.71,26,mid
7/4/22 3:00,11.58,25.94,mid
7/4/22 3:30,11.5,25.9,mid
7/4/22 4:00,11.4,25.84,mid
7/4/22 4:30,11.35,25.78,mid
7/4/22 5:00,11.23,25.74,mid
7/4/22 5:30,11.09,25.7,mid
7/4/22 6:00,11.09,25.68,mid
7/4/22 6:30,11,25.66,mid
7/4/22 7:00,10.99,25.64,mid
7/4/22 7:30,11.02,25.66,mid
7/4/22 8:00,10.96,25.7,mid
7/4/22 8:30,11.14,25.7,mid
7/4/22 9:00,11.22,25.7,mid
7/4/22 9:30,11.33,25.72,mid
7/4/22 10:00,11.55,25.74,mid
7/4/22 10:30,11.71,25.68,mid
7/4/22 11:00,11.68,25.68,mid
7/4/22 11:30,11.67,25.64,mid
7/4/22 12:00,11.76,25.64,mid
7/4/22 12:30,11.71,25.58,mid
7/4/22 13:00,11.73,25.58,mid
7/4/22 13:30,11.58,25.6,mid
7/4/22 14:00,11.7,25.56,mid
7/4/22 14:30,11.59,25.52,mid
7/4/22 15:00,11.63,25.5,mid
7/4/22 15:30,11.78,25.58,mid
7/4/22 16:00,11.92,25.74,mid
7/4/22 16:30,11.96,25.78,mid
7/4/22 17:00,12.1,25.82,mid
7/4/22 17:30,12.25,25.84,mid
7/4/22 18:00,12.27,25.84,mid
7/4/22 18:30,12.16,25.84,mid
7/4/22 19:00,12.38,25.88,mid
7/4/22 19:30,12.38,25.86,mid
7/4/22 20:00,12.25,25.8,mid
7/4/22 20:30,12.31,25.78,mid
7/4/22 21:00,12.05,25.74,mid
7/4/22 21:30,11.87,25.72,mid
7/4/22 22:00,11.68,25.68,mid
7/4/22 22:30,11.6,25.66,mid
7/4/22 23:00,11.45,25.64,mid
7/4/22 23:30,11.32,25.62,mid
7/5/22 0:00,11.24,25.6,mid
7/5/22 0:30,11.25,25.58,mid
7/5/22 1:00,11.15,25.56,mid
7/5/22 1:30,11.05,25.54,mid
7/5/22 2:00,10.95,25.52,mid
7/5/22 2:30,10.95,25.5,mid
7/5/22 3:00,10.84,25.48,mid
7/5/22 3:30,10.61,25.46,mid
7/5/22 4:00,10.56,25.44,mid
7/5/22 4:30,10.46,25.42,mid
7/5/22 5:00,10.57,25.4,mid
7/5/22 5:30,10.43,25.38,mid
7/5/22 6:00,10.38,25.38,mid
7/5/22 6:30,10.4,25.38,mid
7/5/22 7:00,10.4,25.42,mid
7/5/22 7:30,10.28,25.46,mid
7/5/22 8:00,10.4,25.56,mid
7/5/22 8:30,10.62,25.66,mid
7/5/22 9:00,10.86,25.62,mid
7/5/22 9:30,11.06,25.84,mid
7/5/22 10:00,11.31,26.02,mid
7/5/22 10:30,11.09,26.32,mid
7/5/22 11:00,11.16,26.52,mid
7/5/22 11:30,11.27,26.66,mid
7/5/22 12:00,11.36,26.68,mid
7/5/22 12:30,11.43,26.7,mid
7/5/22 13:00,11.67,26.74,mid
7/5/22 13:30,11.71,26.78,mid
7/5/22 14:00,11.89,26.94,mid
7/5/22 14:30,11.53,27.28,mid
7/5/22 15:00,11.39,27.48,mid
7/5/22 15:30,11.24,27.6,mid
7/5/22 16:00,11.26,27.72,mid
7/5/22 16:30,11.35,27.74,mid
7/5/22 17:00,11.49,27.86,mid
7/5/22 17:30,11.52,27.82,mid
7/5/22 18:00,11.47,27.84,mid
7/5/22 18:30,11.4,27.88,mid
7/5/22 19:00,11.2,27.78,mid
7/5/22 19:30,10.96,27.68,mid
7/5/22 20:00,10.83,27.56,mid
7/5/22 20:30,10.62,27.5,mid
7/5/22 21:00,10.49,27.44,mid
7/5/22 21:30,10.34,27.42,mid
7/5/22 22:00,10.2,27.38,mid
7/5/22 22:30,9.97,27.32,mid
7/5/22 23:00,9.67,27.26,mid
7/5/22 23:30,9.6,27.22,mid
7/6/22 0:00,9.45,27.18,mid
7/6/22 0:30,9.49,27.14,mid
7/6/22 1:00,9.48,27.08,mid
7/6/22 1:30,9.46,26.98,mid
7/6/22 2:00,9.45,26.92,mid
7/6/22 2:30,9.53,26.86,mid
7/6/22 3:00,9.62,26.78,mid
7/6/22 3:30,9.5,26.74,mid
7/6/22 4:00,9.38,26.68,mid
7/6/22 4:30,9.29,26.64,mid
7/6/22 5:00,9.15,26.62,mid
7/6/22 5:30,9.13,26.6,mid
7/6/22 6:00,9.04,26.56,mid
7/6/22 6:30,8.92,26.5,mid
7/6/22 7:00,9.07,26.5,mid
7/6/22 7:30,9.04,26.46,mid
7/6/22 8:00,9.1,26.46,mid
7/6/22 8:30,9.19,26.46,mid
7/6/22 9:00,9.44,26.46,mid
7/6/22 9:30,9.54,26.48,mid
7/6/22 10:00,9.75,26.54,mid
7/6/22 10:30,9.92,26.56,mid
7/6/22 11:00,10.03,26.68,mid
7/6/22 11:30,10.31,26.76,mid
7/6/22 12:00,10.64,26.84,mid
7/6/22 12:30,10.84,26.92,mid
7/6/22 13:00,11,27.04,mid
7/6/22 13:30,11.1,27.12,mid
7/6/22 14:00,11.31,27.16,mid
7/6/22 14:30,11.47,27.18,mid
7/6/22 15:00,11.58,27.2,mid
7/6/22 15:30,11.8,27.24,mid
7/6/22 16:00,11.9,27.24,mid
7/6/22 16:30,12,27.24,mid
7/6/22 17:00,12.12,27.24,mid
7/6/22 17:30,12.04,27.22,mid
7/6/22 18:00,12.16,27.18,mid
7/6/22 18:30,12.26,27.18,mid
7/6/22 19:00,12.16,27.16,mid
7/6/22 19:30,12.17,27.14,mid
7/6/22 20:00,12.07,27.1,mid
7/6/22 20:30,11.85,27.06,mid
7/6/22 21:00,11.86,27.04,mid
7/6/22 21:30,11.71,27,mid
7/6/22 22:00,11.56,26.94,mid
7/6/22 22:30,11.31,26.92,mid
7/6/22 23:00,11.14,26.88,mid
7/6/22 23:30,11.09,26.84,mid
7/7/22 0:00,10.89,26.8,mid
7/7/22 0:30,10.87,26.76,mid
7/7/22 1:00,10.68,26.72,mid
7/7/22 1:30,10.47,26.66,mid
7/7/22 2:00,10.52,26.62,mid
7/7/22 2:30,10.35,26.58,mid
7/7/22 3:00,10.01,26.54,mid
7/7/22 3:30,9.62,26.5,mid
7/7/22 4:00,9.87,26.46,mid
7/7/22 4:30,9.78,26.42,mid
7/7/22 5:00,9.75,26.38,mid
7/7/22 5:30,9.52,26.34,mid
7/7/22 6:00,9.46,26.3,mid
7/7/22 6:30,9.36,26.28,mid
7/7/22 7:00,9.28,26.28,mid
7/7/22 7:30,9.36,26.32,mid
7/7/22 8:00,9.54,26.32,mid
7/7/22 8:30,9.8,26.38,mid
7/7/22 9:00,9.93,26.4,mid
7/7/22 9:30,10.38,26.42,mid
7/7/22 10:00,10.48,26.56,mid
7/7/22 10:30,10.73,26.52,mid
7/7/22 11:00,10.97,26.56,mid
7/7/22 11:30,11.51,26.62,mid
7/7/22 12:00,11.35,26.68,mid
7/7/22 12:30,11.19,26.76,mid
7/7/22 13:00,11.33,26.76,mid
7/7/22 13:30,11.63,26.8,mid
7/7/22 14:00,12.07,27.18,mid
7/7/22 14:30,11.97,27.7,mid
7/7/22 15:00,12.18,27.96,mid
7/7/22 15:30,12.03,28.18,mid
7/7/22 16:00,12.16,28.26,mid
7/7/22 16:30,12.18,28.4,mid
7/7/22 17:00,12.28,28.46,mid
7/7/22 17:30,12.47,28.5,mid
7/7/22 18:00,12.5,28.48,mid
7/7/22 18:30,12.29,28.44,mid
7/7/22 19:00,12.43,28.42,mid
7/7/22 19:30,12.51,28.4,mid
7/7/22 20:00,12.41,28.34,mid
7/7/22 20:30,12.31,28.32,mid
7/7/22 21:00,11.89,28.28,mid
7/7/22 21:30,11.87,28.24,mid
7/7/22 22:00,11.74,28.18,mid
7/7/22 22:30,11.7,28.14,mid
7/7/22 23:00,11.44,28.08,mid
7/7/22 23:30,11.27,28.02,mid
7/8/22 0:00,11.13,27.98,mid
7/8/22 0:30,10.93,27.9,mid
7/8/22 1:00,10.94,27.88,mid
7/8/22 1:30,10.92,27.82,mid
7/8/22 2:00,10.76,27.76,mid
7/8/22 2:30,10.58,27.7,mid
7/8/22 3:00,10.47,27.66,mid
7/8/22 3:30,10.05,27.58,mid
7/8/22 4:00,10.11,27.54,mid
7/8/22 4:30,10.22,27.48,mid
7/8/22 5:00,10.32,27.44,mid
7/8/22 5:30,10.28,27.36,mid
7/8/22 6:00,10.12,27.3,mid
7/8/22 6:30,10.14,27.24,mid
7/8/22 7:00,10.05,27.22,mid
7/8/22 7:30,9.86,27.16,mid
7/8/22 8:00,10.18,27.14,mid
7/8/22 8:30,10.07,27.08,mid
7/8/22 9:00,10.14,27.04,mid
7/8/22 9:30,10.2,27,mid
7/8/22 10:00,10.2,26.96,mid
7/8/22 10:30,10.22,26.92,mid
7/8/22 11:00,10.3,26.9,mid
7/8/22 11:30,10.48,26.9,mid
7/8/22 12:00,10.68,26.9,mid
7/8/22 12:30,10.86,26.92,mid
7/8/22 13:00,11.19,26.94,mid
6/21/22 10:00,8.42,22.7,shallow
6/21/22 10:30,8.34,24.54,shallow
6/21/22 11:00,7.57,30.96,shallow
6/21/22 11:30,7.12,33.88,shallow
6/21/22 12:00,6.84,36.16,shallow
6/21/22 12:30,13.12,25.06,shallow
6/21/22 13:00,13.61,24.72,shallow
6/21/22 13:30,13.65,24.88,shallow
6/21/22 14:00,13.64,24.88,shallow
6/21/22 14:30,13.64,24.84,shallow
6/21/22 15:00,14.13,24.94,shallow
6/21/22 15:30,14.27,25,shallow
6/21/22 16:00,14.4,25.02,shallow
6/21/22 16:30,14.56,25.06,shallow
6/21/22 17:00,14.76,25.14,shallow
6/21/22 17:30,14.71,25.12,shallow
6/21/22 18:00,15.31,25.14,shallow
6/21/22 18:30,15.5,25.12,shallow
6/21/22 19:00,15.28,25.06,shallow
6/21/22 19:30,15.23,25.12,shallow
6/21/22 20:00,14.94,25.18,shallow
6/21/22 20:30,15.01,25.32,shallow
6/21/22 21:00,14.97,25.5,shallow
6/21/22 21:30,14.61,25.68,shallow
6/21/22 22:00,14.13,25.84,shallow
6/21/22 22:30,13.81,25.94,shallow
6/21/22 23:00,13.18,26,shallow
6/21/22 23:30,12.46,26,shallow
6/22/22 0:00,11.87,25.96,shallow
6/22/22 0:30,11.24,25.82,shallow
6/22/22 1:00,10.83,25.66,shallow
6/22/22 1:30,10.32,25.54,shallow
6/22/22 2:00,9.99,25.42,shallow
6/22/22 2:30,10.07,25.3,shallow
6/22/22 3:00,10.18,25.2,shallow
6/22/22 3:30,10.15,25.12,shallow
6/22/22 4:00,10.03,25.06,shallow
6/22/22 4:30,9.9,24.96,shallow
6/22/22 5:00,9.34,24.88,shallow
6/22/22 5:30,9.38,24.78,shallow
6/22/22 6:00,8.58,24.7,shallow
6/22/22 6:30,8.35,24.62,shallow
6/22/22 7:00,8.2,24.56,shallow
6/22/22 7:30,8.09,24.52,shallow
6/22/22 8:00,8.11,24.52,shallow
6/22/22 8:30,8.17,24.56,shallow
6/22/22 9:00,8.48,24.64,shallow
6/22/22 9:30,8.75,24.72,shallow
6/22/22 10:00,9.02,24.84,shallow
6/22/22 10:30,9.62,24.98,shallow
6/22/22 11:00,10.22,25.18,shallow
6/22/22 11:30,10.87,25.4,shallow
6/22/22 12:00,11.54,25.62,shallow
6/22/22 12:30,12.13,25.86,shallow
6/22/22 13:00,12.52,26.08,shallow
6/22/22 13:30,13.03,26.34,shallow
6/22/22 14:00,13.57,26.56,shallow
6/22/22 14:30,14.03,26.8,shallow
6/22/22 15:00,14.15,27.02,shallow
6/22/22 15:30,14.58,27.18,shallow
6/22/22 16:00,15.12,27.34,shallow
6/22/22 16:30,15.61,27.46,shallow
6/22/22 17:00,16,27.56,shallow
6/22/22 17:30,16.37,27.66,shallow
6/22/22 18:00,16.51,27.74,shallow
6/22/22 18:30,16.71,27.76,shallow
6/22/22 19:00,16.69,27.74,shallow
6/22/22 19:30,16.42,27.68,shallow
6/22/22 20:00,15.91,27.5,shallow
6/22/22 20:30,15.38,27.36,shallow
6/22/22 21:00,15.25,27.22,shallow
6/22/22 21:30,14.78,27.08,shallow
6/22/22 22:00,14.54,26.94,shallow
6/22/22 22:30,14.24,26.86,shallow
6/22/22 23:00,13.96,26.74,shallow
6/22/22 23:30,13.71,26.64,shallow
6/23/22 0:00,13.38,26.52,shallow
6/23/22 0:30,13.02,26.44,shallow
6/23/22 1:00,12.66,26.34,shallow
6/23/22 1:30,12.39,26.26,shallow
6/23/22 2:00,11.99,26.16,shallow
6/23/22 2:30,11.53,26.08,shallow
6/23/22 3:00,11.12,25.96,shallow
6/23/22 3:30,10.83,25.86,shallow
6/23/22 4:00,10.6,25.74,shallow
6/23/22 4:30,10.43,25.62,shallow
6/23/22 5:00,10.03,25.48,shallow
6/23/22 5:30,9.64,25.34,shallow
6/23/22 6:00,9.63,25.2,shallow
6/23/22 6:30,9.42,25.08,shallow
6/23/22 7:00,9.69,25.02,shallow
6/23/22 7:30,9.43,24.96,shallow
6/23/22 8:00,9.86,25,shallow
6/23/22 8:30,10.01,25.06,shallow
6/23/22 9:00,10.24,25.22,shallow
6/23/22 9:30,10.18,25.38,shallow
6/23/22 10:00,14.03,25.82,shallow
6/23/22 10:30,11.23,25.82,shallow
6/23/22 11:00,10.87,25.9,shallow
6/23/22 11:30,9.96,26.1,shallow
6/23/22 12:00,7.12,26.36,shallow
6/23/22 12:30,9.67,26.66,shallow
6/23/22 13:00,11.67,26.96,shallow
6/23/22 13:30,14.94,27.34,shallow
6/23/22 14:00,15.42,27.68,shallow
6/23/22 14:30,15.19,27.94,shallow
6/23/22 15:00,15.22,28.14,shallow
6/23/22 15:30,15.16,28.32,shallow
6/23/22 16:00,14.93,28.48,shallow
6/23/22 16:30,14.99,28.48,shallow
6/23/22 17:00,15.2,28.5,shallow
6/23/22 17:30,15.41,28.46,shallow
6/23/22 18:00,15.25,28.4,shallow
6/23/22 18:30,15.45,28.34,shallow
6/23/22 19:00,15.43,28.24,shallow
6/23/22 19:30,15.35,28.12,shallow
6/23/22 20:00,15.32,28.04,shallow
6/23/22 20:30,15.2,27.98,shallow
6/23/22 21:00,15.05,27.94,shallow
6/23/22 21:30,14.96,27.88,shallow
6/23/22 22:00,14.86,27.8,shallow
6/23/22 22:30,14.68,27.7,shallow
6/23/22 23:00,14.45,27.6,shallow
6/23/22 23:30,14,27.48,shallow
6/24/22 0:00,13.65,27.36,shallow
6/24/22 0:30,13.29,27.22,shallow
6/24/22 1:00,13.01,27.08,shallow
6/24/22 1:30,12.72,26.98,shallow
6/24/22 2:00,12.43,26.86,shallow
6/24/22 2:30,12.16,26.76,shallow
6/24/22 3:00,11.86,26.64,shallow
6/24/22 3:30,11.58,26.56,shallow
6/24/22 4:00,11.33,26.44,shallow
6/24/22 4:30,11.11,26.36,shallow
6/24/22 5:00,10.71,26.3,shallow
6/24/22 5:30,10.41,26.18,shallow
6/24/22 6:00,10.01,26.1,shallow
6/24/22 6:30,9.75,26.04,shallow
6/24/22 7:00,9.56,26,shallow
6/24/22 7:30,9.59,26,shallow
6/24/22 8:00,9.49,26.02,shallow
6/24/22 8:30,9.4,26.08,shallow
6/24/22 9:00,9.29,26.12,shallow
6/24/22 9:30,9.5,26.2,shallow
6/24/22 10:00,10.01,26.32,shallow
6/24/22 10:30,10.33,26.46,shallow
6/24/22 11:00,10.9,26.62,shallow
6/24/22 11:30,11.33,26.76,shallow
6/24/22 12:00,10.81,26.82,shallow
6/24/22 12:30,12.19,26.96,shallow
6/24/22 13:00,12.78,27.06,shallow
6/24/22 13:30,13.18,27.22,shallow
6/24/22 14:00,13.8,27.28,shallow
6/24/22 14:30,12.37,27.34,shallow
6/24/22 15:00,13.95,27.34,shallow
6/24/22 15:30,15.73,27.36,shallow
6/24/22 16:00,15.97,27.4,shallow
6/24/22 16:30,16.23,27.42,shallow
6/24/22 17:00,16.73,27.46,shallow
6/24/22 17:30,17.15,27.46,shallow
6/24/22 18:00,17.14,27.54,shallow
6/24/22 18:30,17.07,27.5,shallow
6/24/22 19:00,16.87,27.5,shallow
6/24/22 19:30,16.96,27.52,shallow
6/24/22 20:00,16.55,27.52,shallow
6/24/22 20:30,16.63,27.52,shallow
6/24/22 21:00,15.79,27.5,shallow
6/24/22 21:30,15.35,27.48,shallow
6/24/22 22:00,15.25,27.34,shallow
6/24/22 22:30,14.69,27.2,shallow
6/24/22 23:00,13.81,27.08,shallow
6/24/22 23:30,14.07,27.02,shallow
6/25/22 0:00,13.5,26.92,shallow
6/25/22 0:30,13.18,26.84,shallow
6/25/22 1:00,12.62,26.76,shallow
6/25/22 1:30,12.3,26.68,shallow
6/25/22 2:00,11.65,26.58,shallow
6/25/22 2:30,11.47,26.46,shallow
6/25/22 3:00,10.96,26.38,shallow
6/25/22 3:30,10.69,26.3,shallow
6/25/22 4:00,10.31,26.22,shallow
6/25/22 4:30,9.89,26.14,shallow
6/25/22 5:00,9.25,26.06,shallow
6/25/22 5:30,8.9,26,shallow
6/25/22 6:00,8.57,25.92,shallow
6/25/22 6:30,8.28,25.88,shallow
6/25/22 7:00,7.73,25.78,shallow
6/25/22 7:30,7.53,25.7,shallow
6/25/22 8:00,7.32,25.62,shallow
6/25/22 8:30,7.02,25.54,shallow
6/25/22 9:00,6.53,25.44,shallow
6/25/22 9:30,6.19,25.36,shallow
6/25/22 10:00,5.94,25.34,shallow
6/25/22 10:30,5.47,25.3,shallow
6/25/22 11:00,5.85,25.22,shallow
6/25/22 11:30,5.5,25.18,shallow
6/25/22 12:00,5.04,25.04,shallow
6/25/22 12:30,4.26,24.98,shallow
6/25/22 13:00,3.3,24.88,shallow
6/25/22 13:30,3.77,24.76,shallow
6/25/22 14:00,3.01,24.74,shallow
6/25/22 14:30,4.43,24.72,shallow
6/25/22 15:00,4.82,24.84,shallow
6/25/22 15:30,5.35,24.9,shallow
6/25/22 16:00,6.47,24.94,shallow
6/25/22 16:30,6.46,24.94,shallow
6/25/22 17:00,8.66,25.02,shallow
6/25/22 17:30,9.55,25.1,shallow
6/25/22 18:00,10.06,25.18,shallow
6/25/22 18:30,10.47,25.24,shallow
6/25/22 19:00,10.17,25.32,shallow
6/25/22 19:30,10.49,25.36,shallow
6/25/22 20:00,10.54,25.38,shallow
6/25/22 20:30,10.06,25.34,shallow
6/25/22 21:00,9.99,25.32,shallow
6/25/22 21:30,10.1,25.28,shallow
6/25/22 22:00,9.71,25.22,shallow
6/25/22 22:30,9.43,25.12,shallow
6/25/22 23:00,9.29,25.04,shallow
6/25/22 23:30,9.36,24.98,shallow
6/26/22 0:00,9.49,24.98,shallow
6/26/22 0:30,9.42,24.9,shallow
6/26/22 1:00,9.35,24.82,shallow
6/26/22 1:30,9.38,24.8,shallow
6/26/22 2:00,9.18,24.74,shallow
6/26/22 2:30,9.1,24.66,shallow
6/26/22 3:00,8.86,24.62,shallow
6/26/22 3:30,8.52,24.54,shallow
6/26/22 4:00,7.93,24.46,shallow
6/26/22 4:30,7.78,24.26,shallow
6/26/22 5:00,7.37,24.12,shallow
6/26/22 5:30,6.55,23.88,shallow
6/26/22 6:00,6,23.7,shallow
6/26/22 6:30,6.33,23.68,shallow
6/26/22 7:00,6.46,23.68,shallow
6/26/22 7:30,6.42,23.68,shallow
6/26/22 8:00,6.56,23.78,shallow
6/26/22 8:30,6.39,23.8,shallow
6/26/22 9:00,6.6,23.68,shallow
6/26/22 9:30,6.75,23.82,shallow
6/26/22 10:00,7.11,23.78,shallow
6/26/22 10:30,7.2,23.94,shallow
6/26/22 11:00,7.65,24.1,shallow
6/26/22 11:30,8.32,24.16,shallow
6/26/22 12:00,8.88,24.36,shallow
6/26/22 12:30,9.61,24.5,shallow
6/26/22 13:00,10.15,24.8,shallow
6/26/22 13:30,10.7,24.96,shallow
6/26/22 14:00,11.15,25.1,shallow
6/26/22 14:30,11.62,25.24,shallow
6/26/22 15:00,11.95,25.34,shallow
6/26/22 15:30,12.34,25.42,shallow
6/26/22 16:00,12.72,25.48,shallow
6/26/22 16:30,12.91,25.56,shallow
6/26/22 17:00,13.16,25.6,shallow
6/26/22 17:30,13.49,25.56,shallow
6/26/22 18:00,13.45,25.46,shallow
6/26/22 18:30,13.62,25.44,shallow
6/26/22 19:00,13.49,25.34,shallow
6/26/22 19:30,13.08,25.2,shallow
6/26/22 20:00,12.78,25.04,shallow
6/26/22 20:30,12.52,24.88,shallow
6/26/22 21:00,11.93,24.76,shallow
6/26/22 21:30,10.8,24.7,shallow
6/26/22 22:00,9.71,24.62,shallow
6/26/22 22:30,8.88,24.52,shallow
6/26/22 23:00,9.22,24.38,shallow
6/26/22 23:30,9.92,24.26,shallow
6/27/22 0:00,9.67,24.16,shallow
6/27/22 0:30,9.73,24.06,shallow
6/27/22 1:00,9.98,23.98,shallow
6/27/22 1:30,9.53,23.86,shallow
6/27/22 2:00,9.3,23.76,shallow
6/27/22 2:30,8.75,23.68,shallow
6/27/22 3:00,8.18,23.56,shallow
6/27/22 3:30,6.98,23.42,shallow
6/27/22 4:00,7.37,23.3,shallow
6/27/22 4:30,8.29,23.24,shallow
6/27/22 5:00,7.88,23.14,shallow
6/27/22 5:30,7.6,23.04,shallow
6/27/22 6:00,7.51,22.98,shallow
6/27/22 6:30,7.84,22.94,shallow
6/27/22 7:00,9.05,22.96,shallow
6/27/22 7:30,9.44,22.96,shallow
6/27/22 8:00,9.7,23.06,shallow
6/27/22 8:30,9.85,23.04,shallow
6/27/22 9:00,9.57,23.22,shallow
6/27/22 9:30,9.14,23.4,shallow
6/27/22 10:00,8.81,23.54,shallow
6/27/22 10:30,8.63,23.78,shallow
6/27/22 11:00,8.77,23.96,shallow
6/27/22 11:30,8.97,24.08,shallow
6/27/22 12:00,8.78,24.22,shallow
6/27/22 12:30,9.16,24.46,shallow
6/27/22 13:00,9.12,24.72,shallow
6/27/22 13:30,9.75,24.92,shallow
6/27/22 14:00,9.78,25.14,shallow
6/27/22 14:30,10.25,25.34,shallow
6/27/22 15:00,10.49,25.52,shallow
6/27/22 15:30,10.92,25.66,shallow
6/27/22 16:00,10.75,25.8,shallow
6/27/22 16:30,11.31,25.94,shallow
6/27/22 17:00,11.19,26,shallow
6/27/22 17:30,11.24,26.04,shallow
6/27/22 18:00,12.13,26.08,shallow
6/27/22 18:30,13,26.06,shallow
6/27/22 19:00,12.92,25.92,shallow
6/27/22 19:30,12.52,25.8,shallow
6/27/22 20:00,12.49,25.7,shallow
6/27/22 20:30,12.06,25.58,shallow
6/27/22 21:00,12.14,25.42,shallow
6/27/22 21:30,11.77,25.26,shallow
6/27/22 22:00,11.62,25.1,shallow
6/27/22 22:30,11.33,24.96,shallow
6/27/22 23:00,11.09,24.86,shallow
6/27/22 23:30,10.98,24.76,shallow
6/28/22 0:00,10.67,24.66,shallow
6/28/22 0:30,10.56,24.54,shallow
6/28/22 1:00,10.44,24.42,shallow
6/28/22 1:30,9.95,24.32,shallow
6/28/22 2:00,9.46,24.24,shallow
6/28/22 2:30,8.8,24.16,shallow
6/28/22 3:00,8.97,24.06,shallow
6/28/22 3:30,8.5,23.98,shallow
6/28/22 4:00,8.43,23.9,shallow
6/28/22 4:30,8.15,23.8,shallow
6/28/22 5:00,7.79,23.7,shallow
6/28/22 5:30,7.59,23.64,shallow
6/28/22 6:00,7.31,23.56,shallow
6/28/22 6:30,7.1,23.46,shallow
6/28/22 7:00,6.61,23.42,shallow
6/28/22 7:30,6.65,23.38,shallow
6/28/22 8:00,6.77,23.38,shallow
6/28/22 8:30,6.83,23.48,shallow
6/28/22 9:00,7.16,23.56,shallow
6/28/22 9:30,7.82,23.7,shallow
6/28/22 10:00,8.23,23.86,shallow
6/28/22 10:30,8.82,24.08,shallow
6/28/22 11:00,9.25,24.3,shallow
6/28/22 11:30,9.75,24.46,shallow
6/28/22 12:00,10.46,24.58,shallow
6/28/22 12:30,9.99,24.72,shallow
6/28/22 13:00,11.55,24.8,shallow
6/28/22 13:30,11.64,24.92,shallow
6/28/22 14:00,12.27,25.04,shallow
6/28/22 14:30,12.7,25.08,shallow
6/28/22 15:00,13.16,25.2,shallow
6/28/22 15:30,13.61,25.16,shallow
6/28/22 16:00,14.22,25.18,shallow
6/28/22 16:30,14.91,25.18,shallow
6/28/22 17:00,15.39,25.2,shallow
6/28/22 17:30,15.84,25.26,shallow
6/28/22 18:00,16.07,25.26,shallow
6/28/22 18:30,16.3,25.18,shallow
6/28/22 19:00,16.17,25.02,shallow
6/28/22 19:30,15.8,24.9,shallow
6/28/22 20:00,15.73,24.76,shallow
6/28/22 20:30,15.52,24.64,shallow
6/28/22 21:00,15.15,24.52,shallow
6/28/22 21:30,14.81,24.42,shallow
6/28/22 22:00,14.54,24.34,shallow
6/28/22 22:30,13.77,24.26,shallow
6/28/22 23:00,13.81,24.2,shallow
6/28/22 23:30,13.15,24.14,shallow
6/29/22 0:00,12.91,24.08,shallow
6/29/22 0:30,12.46,23.96,shallow
6/29/22 1:00,12.25,23.88,shallow
6/29/22 1:30,11.82,23.8,shallow
6/29/22 2:00,11.37,23.74,shallow
6/29/22 2:30,11.2,23.66,shallow
6/29/22 3:00,10.95,23.58,shallow
6/29/22 3:30,10.56,23.5,shallow
6/29/22 4:00,10.25,23.44,shallow
6/29/22 4:30,9.86,23.36,shallow
6/29/22 5:00,9.49,23.28,shallow
6/29/22 5:30,9.12,23.2,shallow
6/29/22 6:00,8.72,23.14,shallow
6/29/22 6:30,8.71,23.1,shallow
6/29/22 7:00,8.61,23.08,shallow
6/29/22 7:30,8.42,23.1,shallow
6/29/22 8:00,8.32,23.16,shallow
6/29/22 8:30,8.35,23.28,shallow
6/29/22 9:00,8.42,23.36,shallow
6/29/22 9:30,8.5,23.5,shallow
6/29/22 10:00,10.58,23.88,shallow
6/29/22 10:30,11.22,24.38,shallow
6/29/22 11:00,12.18,24.64,shallow
6/29/22 11:30,12.27,25,shallow
6/29/22 12:00,11.85,25.4,shallow
6/29/22 12:30,11.91,25.74,shallow
6/29/22 13:00,12.27,26.14,shallow
6/29/22 13:30,11.63,26.56,shallow
6/29/22 14:00,11.82,27.04,shallow
6/29/22 14:30,11.88,27.3,shallow
6/29/22 15:00,11.97,27.82,shallow
6/29/22 15:30,12.12,28.14,shallow
6/29/22 16:00,12.4,28.24,shallow
6/29/22 16:30,12.19,28.3,shallow
6/29/22 17:00,12.55,28.28,shallow
6/29/22 17:30,12.72,28.32,shallow
6/29/22 18:00,13.15,28.28,shallow
6/29/22 18:30,13.22,28.3,shallow
6/29/22 19:00,13.3,28.22,shallow
6/29/22 19:30,13.41,28.12,shallow
6/29/22 20:00,13.41,27.92,shallow
6/29/22 20:30,13.32,27.78,shallow
6/29/22 21:00,13.02,27.62,shallow
6/29/22 21:30,12.87,27.44,shallow
6/29/22 22:00,12.42,27.3,shallow
6/29/22 22:30,12.05,27.18,shallow
6/29/22 23:00,12.03,27.04,shallow
6/29/22 23:30,11.71,26.92,shallow
6/30/22 0:00,11.54,26.78,shallow
6/30/22 0:30,11.21,26.64,shallow
6/30/22 1:00,10.92,26.52,shallow
6/30/22 1:30,10.51,26.4,shallow
6/30/22 2:00,10.04,26.28,shallow
6/30/22 2:30,9.55,26.18,shallow
6/30/22 3:00,9,26.08,shallow
6/30/22 3:30,8.61,26,shallow
6/30/22 4:00,8.17,25.92,shallow
6/30/22 4:30,7.76,25.84,shallow
6/30/22 5:00,7.24,25.74,shallow
6/30/22 5:30,6.84,25.66,shallow
6/30/22 6:00,6.5,25.58,shallow
6/30/22 6:30,6.24,25.5,shallow
6/30/22 7:00,6.1,25.46,shallow
6/30/22 7:30,6.07,25.42,shallow
6/30/22 8:00,6.12,25.38,shallow
6/30/22 8:30,6.15,25.4,shallow
6/30/22 9:00,6.38,25.36,shallow
6/30/22 9:30,6.6,25.4,shallow
6/30/22 10:00,7.06,25.48,shallow
6/30/22 10:30,7.84,25.54,shallow
6/30/22 11:00,9.21,25.58,shallow
6/30/22 11:30,10.69,25.7,shallow
6/30/22 12:00,12.5,25.8,shallow
6/30/22 12:30,12.91,25.86,shallow
6/30/22 13:00,13.32,26,shallow
6/30/22 13:30,14.24,26.06,shallow
6/30/22 14:00,14.71,26.12,shallow
6/30/22 14:30,14.88,26.14,shallow
6/30/22 15:00,15.37,26.14,shallow
6/30/22 15:30,15.76,26.16,shallow
6/30/22 16:00,15.92,26.3,shallow
6/30/22 16:30,16.43,26.32,shallow
6/30/22 17:00,16.98,26.32,shallow
6/30/22 17:30,16.55,26.34,shallow
6/30/22 18:00,16.99,26.3,shallow
6/30/22 18:30,16.78,26.26,shallow
6/30/22 19:00,16.63,26.2,shallow
6/30/22 19:30,16.06,26.08,shallow
6/30/22 20:00,15.57,25.96,shallow
6/30/22 20:30,15.07,25.9,shallow
6/30/22 21:00,14.68,25.84,shallow
6/30/22 21:30,14.28,25.76,shallow
6/30/22 22:00,13.87,25.7,shallow
6/30/22 22:30,13.44,25.66,shallow
6/30/22 23:00,13.01,25.58,shallow
6/30/22 23:30,12.52,25.52,shallow
7/1/22 0:00,12.13,25.46,shallow
7/1/22 0:30,11.56,25.4,shallow
7/1/22 1:00,11.17,25.34,shallow
7/1/22 1:30,10.64,25.28,shallow
7/1/22 2:00,10.1,25.22,shallow
7/1/22 2:30,9.78,25.18,shallow
7/1/22 3:00,9.08,25.12,shallow
7/1/22 3:30,8.73,25.08,shallow
7/1/22 4:00,8.51,25.02,shallow
7/1/22 4:30,7.88,24.96,shallow
7/1/22 5:00,7.21,24.88,shallow
7/1/22 5:30,6.83,24.8,shallow
7/1/22 6:00,6.59,24.7,shallow
7/1/22 6:30,6.4,24.62,shallow
7/1/22 7:00,6.33,24.58,shallow
7/1/22 7:30,6.3,24.56,shallow
7/1/22 8:00,6.02,24.56,shallow
7/1/22 8:30,7.33,24.58,shallow
7/1/22 9:00,8.26,24.6,shallow
7/1/22 9:30,8.04,24.66,shallow
7/1/22 10:00,8.48,24.74,shallow
7/1/22 10:30,8.99,24.8,shallow
7/1/22 11:00,10.18,24.86,shallow
7/1/22 11:30,9.78,25.1,shallow
7/1/22 12:00,10.74,25.32,shallow
7/1/22 12:30,11.18,25.52,shallow
7/1/22 13:00,11.86,25.78,shallow
7/1/22 13:30,12.16,26.06,shallow
7/1/22 14:00,12.51,26.3,shallow
7/1/22 14:30,12.89,26.46,shallow
7/1/22 15:00,13.21,26.6,shallow
7/1/22 15:30,13.47,26.56,shallow
7/1/22 16:00,13.7,26.56,shallow
7/1/22 16:30,14.17,26.52,shallow
7/1/22 17:00,14.21,26.52,shallow
7/1/22 17:30,14.53,26.54,shallow
7/1/22 18:00,14.85,26.54,shallow
7/1/22 18:30,15.02,26.52,shallow
7/1/22 19:00,15.13,26.46,shallow
7/1/22 19:30,14.99,26.34,shallow
7/1/22 20:00,14.48,26.2,shallow
7/1/22 20:30,13.17,26.1,shallow
7/1/22 21:00,12.88,25.96,shallow
7/1/22 21:30,12.97,25.84,shallow
7/1/22 22:00,12.29,25.74,shallow
7/1/22 22:30,12.18,25.64,shallow
7/1/22 23:00,11.6,25.56,shallow
7/1/22 23:30,11.46,25.46,shallow
7/2/22 0:00,11.03,25.4,shallow
7/2/22 0:30,10.81,25.32,shallow
7/2/22 1:00,10.45,25.24,shallow
7/2/22 1:30,10.14,25.16,shallow
7/2/22 2:00,9.98,25.08,shallow
7/2/22 2:30,9.69,24.98,shallow
7/2/22 3:00,9.41,24.9,shallow
7/2/22 3:30,9.07,24.82,shallow
7/2/22 4:00,8.73,24.76,shallow
7/2/22 4:30,8.44,24.64,shallow
7/2/22 5:00,7.92,24.54,shallow
7/2/22 5:30,7.19,24.44,shallow
7/2/22 6:00,6.93,24.34,shallow
7/2/22 6:30,6.56,24.26,shallow
7/2/22 7:00,6.27,24.22,shallow
7/2/22 7:30,6.49,24.22,shallow
7/2/22 8:00,6.98,24.26,shallow
7/2/22 8:30,7.8,24.36,shallow
7/2/22 9:00,8.18,24.5,shallow
7/2/22 9:30,8.38,24.7,shallow
7/2/22 10:00,8.96,24.82,shallow
7/2/22 10:30,9.49,24.98,shallow
7/2/22 11:00,9.94,25.1,shallow
7/2/22 11:30,11.07,25.36,shallow
7/2/22 12:00,12.35,25.58,shallow
7/2/22 12:30,13.16,25.76,shallow
7/2/22 13:00,13.39,25.88,shallow
7/2/22 13:30,13.84,26,shallow
7/2/22 14:00,13.86,26.02,shallow
7/2/22 14:30,13.91,26.14,shallow
7/2/22 15:00,14.13,26.24,shallow
7/2/22 15:30,14.51,26.2,shallow
7/2/22 16:00,14.27,26.16,shallow
7/2/22 16:30,14.59,26.12,shallow
7/2/22 17:00,14.75,26.18,shallow
7/2/22 17:30,14.89,26.26,shallow
7/2/22 18:00,14.63,26.12,shallow
7/2/22 18:30,14.34,25.94,shallow
7/2/22 19:00,14.07,25.78,shallow
7/2/22 19:30,13.59,25.64,shallow
7/2/22 20:00,13.56,25.52,shallow
7/2/22 20:30,12.98,25.44,shallow
7/2/22 21:00,12.96,25.34,shallow
7/2/22 21:30,12.49,25.26,shallow
7/2/22 22:00,12.25,25.18,shallow
7/2/22 22:30,12.4,25.06,shallow
7/2/22 23:00,11.81,24.98,shallow
7/2/22 23:30,11.64,24.9,shallow
7/3/22 0:00,11,24.82,shallow
7/3/22 0:30,10.94,24.72,shallow
7/3/22 1:00,11,24.66,shallow
7/3/22 1:30,10.55,24.58,shallow
7/3/22 2:00,10.62,24.5,shallow
7/3/22 2:30,10.47,24.42,shallow
7/3/22 3:00,9.49,24.36,shallow
7/3/22 3:30,9.7,24.3,shallow
7/3/22 4:00,9.51,24.24,shallow
7/3/22 4:30,9.2,24.16,shallow
7/3/22 5:00,8.91,24.1,shallow
7/3/22 5:30,8.32,24.04,shallow
7/3/22 6:00,7.58,23.96,shallow
7/3/22 6:30,7.65,23.92,shallow
7/3/22 7:00,7.58,23.9,shallow
7/3/22 7:30,7.53,23.94,shallow
7/3/22 8:00,7.86,24.02,shallow
7/3/22 8:30,7.94,24,shallow
7/3/22 9:00,8.12,24.18,shallow
7/3/22 9:30,7.98,24.28,shallow
7/3/22 10:00,9.15,24.52,shallow
7/3/22 10:30,10.27,24.74,shallow
7/3/22 11:00,11.39,25.04,shallow
7/3/22 11:30,12.97,25.46,shallow
7/3/22 12:00,13.85,25.82,shallow
7/3/22 12:30,16,26.46,shallow
7/3/22 13:00,14.81,26.9,shallow
7/3/22 13:30,13.65,27.36,shallow
7/3/22 14:00,13.7,27.56,shallow
7/3/22 14:30,13.67,27.74,shallow
7/3/22 15:00,13.99,27.84,shallow
7/3/22 15:30,13.81,28,shallow
7/3/22 16:00,13.56,28.16,shallow
7/3/22 16:30,13.95,28.18,shallow
7/3/22 17:00,14.37,28.06,shallow
7/3/22 17:30,14.69,27.94,shallow
7/3/22 18:00,15.25,27.8,shallow
7/3/22 18:30,15.74,27.64,shallow
7/3/22 19:00,16.23,27.44,shallow
7/3/22 19:30,16.5,27.22,shallow
7/3/22 20:00,16.17,27.14,shallow
7/3/22 20:30,15.91,27.06,shallow
7/3/22 21:00,15.89,26.92,shallow
7/3/22 21:30,15.79,26.84,shallow
7/3/22 22:00,15.18,26.72,shallow
7/3/22 22:30,14.54,26.58,shallow
7/3/22 23:00,14.45,26.5,shallow
7/3/22 23:30,14.14,26.36,shallow
7/4/22 0:00,13.71,26.24,shallow
7/4/22 0:30,12.89,26.08,shallow
7/4/22 1:00,12.6,25.94,shallow
7/4/22 1:30,12.22,25.84,shallow
7/4/22 2:00,11.69,25.74,shallow
7/4/22 2:30,11.28,25.66,shallow
7/4/22 3:00,10.73,25.56,shallow
7/4/22 3:30,10.41,25.48,shallow
7/4/22 4:00,10,25.42,shallow
7/4/22 4:30,9.6,25.34,shallow
7/4/22 5:00,9.23,25.24,shallow
7/4/22 5:30,8.89,25.18,shallow
7/4/22 6:00,8,25.12,shallow
7/4/22 6:30,8.18,25.08,shallow
7/4/22 7:00,7.86,25.06,shallow
7/4/22 7:30,8.23,25.06,shallow
7/4/22 8:00,8.36,25.08,shallow
7/4/22 8:30,8.63,25.1,shallow
7/4/22 9:00,8.77,25.12,shallow
7/4/22 9:30,8.76,25.12,shallow
7/4/22 10:00,8.44,25.16,shallow
7/4/22 10:30,8.61,25.16,shallow
7/4/22 11:00,8.7,25.16,shallow
7/4/22 11:30,9.09,25.14,shallow
7/4/22 12:00,8.96,25.14,shallow
7/4/22 12:30,9.09,25.1,shallow
7/4/22 13:00,8.71,25.06,shallow
7/4/22 13:30,9.16,25.06,shallow
7/4/22 14:00,9.46,25.04,shallow
7/4/22 14:30,9.38,24.96,shallow
7/4/22 15:00,8.85,24.92,shallow
7/4/22 15:30,9.73,25,shallow
7/4/22 16:00,10.39,25.14,shallow
7/4/22 16:30,10.97,25.28,shallow
7/4/22 17:00,11.27,25.36,shallow
7/4/22 17:30,11.58,25.44,shallow
7/4/22 18:00,11.71,25.48,shallow
7/4/22 18:30,12.01,25.54,shallow
7/4/22 19:00,12.16,25.56,shallow
7/4/22 19:30,12.45,25.58,shallow
7/4/22 20:00,12.19,25.52,shallow
7/4/22 20:30,12.12,25.5,shallow
7/4/22 21:00,11.85,25.46,shallow
7/4/22 21:30,11.31,25.38,shallow
7/4/22 22:00,10.79,25.3,shallow
7/4/22 22:30,10.65,25.26,shallow
7/4/22 23:00,10.21,25.18,shallow
7/4/22 23:30,9.81,25.14,shallow
7/5/22 0:00,8.62,25.12,shallow
7/5/22 0:30,9.39,25.06,shallow
7/5/22 1:00,9.27,25.02,shallow
7/5/22 1:30,9.21,24.94,shallow
7/5/22 2:00,8.77,24.92,shallow
7/5/22 2:30,8.44,24.88,shallow
7/5/22 3:00,8.36,24.78,shallow
7/5/22 3:30,8.08,24.74,shallow
7/5/22 4:00,8.42,24.72,shallow
7/5/22 4:30,8.29,24.68,shallow
7/5/22 5:00,8.3,24.62,shallow
7/5/22 5:30,8.04,24.58,shallow
7/5/22 6:00,8.4,24.58,shallow
7/5/22 6:30,8.67,24.58,shallow
7/5/22 7:00,8.41,24.64,shallow
7/5/22 7:30,8.73,24.72,shallow
7/5/22 8:00,8.68,24.78,shallow
7/5/22 8:30,8.62,24.94,shallow
7/5/22 9:00,9.07,25,shallow
7/5/22 9:30,10.29,25.26,shallow
7/5/22 10:00,11.41,25.5,shallow
7/5/22 10:30,11.79,25.88,shallow
7/5/22 11:00,12.22,26.34,shallow
7/5/22 11:30,12.64,26.56,shallow
7/5/22 12:00,12.79,26.82,shallow
7/5/22 12:30,12.36,26.96,shallow
7/5/22 13:00,12.46,27.04,shallow
7/5/22 13:30,12.44,27.04,shallow
7/5/22 14:00,12.45,27.14,shallow
7/5/22 14:30,12.55,27.34,shallow
7/5/22 15:00,13.66,27.66,shallow
7/5/22 15:30,14.1,27.94,shallow
7/5/22 16:00,13.86,28.18,shallow
7/5/22 16:30,13.38,28.32,shallow
7/5/22 17:00,13.13,28.5,shallow
7/5/22 17:30,12.95,28.54,shallow
7/5/22 18:00,12.97,28.54,shallow
7/5/22 18:30,12.79,28.52,shallow
7/5/22 19:00,12.65,28.36,shallow
7/5/22 19:30,11.72,28.26,shallow
7/5/22 20:00,11.38,27.9,shallow
7/5/22 20:30,10.2,27.64,shallow
7/5/22 21:00,9.89,27.52,shallow
7/5/22 21:30,10.51,27.44,shallow
7/5/22 22:00,10.03,27.32,shallow
7/5/22 22:30,9.33,27.2,shallow
7/5/22 23:00,8.96,27.1,shallow
7/5/22 23:30,8.51,26.96,shallow
7/6/22 0:00,7.94,26.84,shallow
7/6/22 0:30,7.97,26.68,shallow
7/6/22 1:00,7.6,26.5,shallow
7/6/22 1:30,7.36,26.36,shallow
7/6/22 2:00,6.08,26.26,shallow
7/6/22 2:30,5.41,26.12,shallow
7/6/22 3:00,5.44,25.88,shallow
7/6/22 3:30,4.75,25.64,shallow
7/6/22 4:00,4.74,25.44,shallow
7/6/22 4:30,4.91,25.5,shallow
7/6/22 5:00,5.45,25.56,shallow
7/6/22 5:30,5.35,25.52,shallow
7/6/22 6:00,5.82,25.48,shallow
7/6/22 6:30,6.3,25.5,shallow
7/6/22 7:00,6.29,25.52,shallow
7/6/22 7:30,7,25.5,shallow
7/6/22 8:00,8.09,25.58,shallow
7/6/22 8:30,8.63,25.7,shallow
7/6/22 9:00,8.64,25.6,shallow
7/6/22 9:30,9.38,25.66,shallow
7/6/22 10:00,10.24,25.82,shallow
7/6/22 10:30,10.76,25.92,shallow
7/6/22 11:00,11.4,26.2,shallow
7/6/22 11:30,10.77,26.52,shallow
7/6/22 12:00,11.29,26.62,shallow
7/6/22 12:30,11.98,26.82,shallow
7/6/22 13:00,12.09,27.04,shallow
7/6/22 13:30,12.72,27.26,shallow
7/6/22 14:00,12.79,27.32,shallow
7/6/22 14:30,13.24,27.34,shallow
7/6/22 15:00,13.67,27.36,shallow
7/6/22 15:30,13.54,27.4,shallow
7/6/22 16:00,14.18,27.42,shallow
7/6/22 16:30,14.34,27.38,shallow
7/6/22 17:00,14.39,27.3,shallow
7/6/22 17:30,14.5,27.24,shallow
7/6/22 18:00,13.98,27.14,shallow
7/6/22 18:30,13.85,27.06,shallow
7/6/22 19:00,13.08,26.96,shallow
7/6/22 19:30,13.16,26.88,shallow
7/6/22 20:00,12.6,26.74,shallow
7/6/22 20:30,12.01,26.68,shallow
7/6/22 21:00,10.95,26.58,shallow
7/6/22 21:30,10.62,26.48,shallow
7/6/22 22:00,10.04,26.38,shallow
7/6/22 22:30,9.6,26.28,shallow
7/6/22 23:00,9.07,26.22,shallow
7/6/22 23:30,8.67,26.16,shallow
7/7/22 0:00,8.14,26.06,shallow
7/7/22 0:30,7.59,25.92,shallow
7/7/22 1:00,7.31,25.82,shallow
7/7/22 1:30,6.92,25.7,shallow
7/7/22 2:00,6.56,25.58,shallow
7/7/22 2:30,6.39,25.48,shallow
7/7/22 3:00,6.16,25.38,shallow
7/7/22 3:30,6.04,25.3,shallow
7/7/22 4:00,5.62,25.18,shallow
7/7/22 4:30,5.32,25.1,shallow
7/7/22 5:00,4.87,25,shallow
7/7/22 5:30,5.01,24.92,shallow
7/7/22 6:00,4.89,24.84,shallow
7/7/22 6:30,5.35,24.88,shallow
7/7/22 7:00,5.95,24.92,shallow
7/7/22 7:30,5.79,24.98,shallow
7/7/22 8:00,6.97,25.16,shallow
7/7/22 8:30,8.44,25.38,shallow
7/7/22 9:00,10.3,25.66,shallow
7/7/22 9:30,10.95,25.88,shallow
7/7/22 10:00,11.74,26.1,shallow
7/7/22 10:30,13.38,26.26,shallow
7/7/22 11:00,13.83,26.34,shallow
7/7/22 11:30,13.71,26.52,shallow
7/7/22 12:00,13.53,26.68,shallow
7/7/22 12:30,13.45,26.84,shallow
7/7/22 13:00,14,27.02,shallow
7/7/22 13:30,14.52,27.32,shallow
7/7/22 14:00,15.18,27.84,shallow
7/7/22 14:30,15.52,28.02,shallow
7/7/22 15:00,15.76,28.02,shallow
7/7/22 15:30,15.76,28.22,shallow
7/7/22 16:00,16.35,28.42,shallow
7/7/22 16:30,16.07,28.78,shallow
7/7/22 17:00,16.73,29.02,shallow
7/7/22 17:30,16.12,29.12,shallow
7/7/22 18:00,16.59,29.14,shallow
7/7/22 18:30,16.25,29.08,shallow
7/7/22 19:00,16.13,28.98,shallow
7/7/22 19:30,15.84,28.8,shallow
7/7/22 20:00,15.24,28.64,shallow
7/7/22 20:30,14.61,28.48,shallow
7/7/22 21:00,14.15,28.36,shallow
7/7/22 21:30,13.69,28.22,shallow
7/7/22 22:00,13.2,28.08,shallow
7/7/22 22:30,12.59,27.94,shallow
7/7/22 23:00,12.11,27.82,shallow
7/7/22 23:30,11.71,27.7,shallow
7/8/22 0:00,11.3,27.62,shallow
7/8/22 0:30,10.58,27.52,shallow
7/8/22 1:00,10.16,27.46,shallow
7/8/22 1:30,9.61,27.38,shallow
7/8/22 2:00,9.17,27.3,shallow
7/8/22 2:30,9,27.22,shallow
7/8/22 3:00,8.38,27.1,shallow
7/8/22 3:30,8.2,27.02,shallow
7/8/22 4:00,8.2,26.94,shallow
7/8/22 4:30,7.77,26.9,shallow
7/8/22 5:00,7.43,26.8,shallow
7/8/22 5:30,7.63,26.74,shallow
7/8/22 6:00,7.63,26.68,shallow
7/8/22 6:30,7.97,26.66,shallow
7/8/22 7:00,7.84,26.62,shallow
7/8/22 7:30,8.3,26.64,shallow
7/8/22 8:00,8.44,26.62,shallow
7/8/22 8:30,7.99,26.44,shallow
7/8/22 9:00,8.51,26.4,shallow
7/8/22 9:30,8.87,26.36,shallow
7/8/22 10:00,8.94,26.28,shallow
7/8/22 10:30,9.31,26.16,shallow
7/8/22 11:00,9.39,26.12,shallow
7/8/22 11:30,10.38,26.16,shallow
7/8/22 12:00,10.98,26.18,shallow
7/8/22 12:30,11.6,26.26,shallow
7/8/22 13:00,12.56,26.36,shallow
6/21/22 10:00,8.65,22.32,deep
6/21/22 10:30,8.3,24.9,deep
6/21/22 11:00,10.3,26.22,deep
6/21/22 11:30,10.76,25.2,deep
6/21/22 12:00,10.87,25.3,deep
6/21/22 12:30,10.99,25.38,deep
6/21/22 13:00,11.05,25.48,deep
6/21/22 13:30,11.11,25.54,deep
6/21/22 14:00,11.16,25.68,deep
6/21/22 14:30,11.19,25.78,deep
6/21/22 15:00,11.19,25.92,deep
6/21/22 15:30,11.26,26.06,deep
6/21/22 16:00,11.32,26.18,deep
6/21/22 16:30,11.36,26.26,deep
6/21/22 17:00,11.34,26.3,deep
6/21/22 17:30,11.35,26.28,deep
6/21/22 18:00,11.21,26.24,deep
6/21/22 18:30,11.21,26.34,deep
6/21/22 19:00,11.18,26.4,deep
6/21/22 19:30,11.21,26.54,deep
6/21/22 20:00,11.22,26.58,deep
6/21/22 20:30,11.15,26.5,deep
6/21/22 21:00,11.12,26.38,deep
6/21/22 21:30,11.09,26.34,deep
6/21/22 22:00,11.14,26.34,deep
6/21/22 22:30,11.06,26.32,deep
6/21/22 23:00,11.02,26.3,deep
6/21/22 23:30,11,26.26,deep
6/22/22 0:00,10.89,26.24,deep
6/22/22 0:30,10.85,26.22,deep
6/22/22 1:00,10.95,26.2,deep
6/22/22 1:30,10.91,26.16,deep
6/22/22 2:00,10.82,26.12,deep
6/22/22 2:30,10.73,26.04,deep
6/22/22 3:00,10.65,25.98,deep
6/22/22 3:30,10.58,25.94,deep
6/22/22 4:00,10.52,25.9,deep
6/22/22 4:30,10.44,25.84,deep
6/22/22 5:00,10.43,25.8,deep
6/22/22 5:30,10.41,25.74,deep
6/22/22 6:00,10.36,25.72,deep
6/22/22 6:30,10.31,25.68,deep
6/22/22 7:00,10.31,25.64,deep
6/22/22 7:30,10.32,25.6,deep
6/22/22 8:00,10.31,25.58,deep
6/22/22 8:30,10.35,25.6,deep
6/22/22 9:00,10.43,25.62,deep
6/22/22 9:30,10.52,25.68,deep
6/22/22 10:00,10.59,25.76,deep
6/22/22 10:30,10.69,25.86,deep
6/22/22 11:00,10.74,26.02,deep
6/22/22 11:30,10.83,26.12,deep
6/22/22 12:00,10.87,26.18,deep
6/22/22 12:30,10.91,26.28,deep
6/22/22 13:00,11,26.34,deep
6/22/22 13:30,11.11,26.4,deep
6/22/22 14:00,11.22,26.48,deep
6/22/22 14:30,11.31,26.6,deep
6/22/22 15:00,11.39,26.74,deep
6/22/22 15:30,11.48,26.78,deep
6/22/22 16:00,11.54,26.8,deep
6/22/22 16:30,11.53,26.8,deep
6/22/22 17:00,11.59,26.84,deep
6/22/22 17:30,11.6,26.86,deep
6/22/22 18:00,11.59,26.88,deep
6/22/22 18:30,11.62,26.84,deep
6/22/22 19:00,11.62,26.84,deep
6/22/22 19:30,11.59,26.8,deep
6/22/22 20:00,11.57,26.72,deep
6/22/22 20:30,11.52,26.7,deep
6/22/22 21:00,11.45,26.68,deep
6/22/22 21:30,11.41,26.64,deep
6/22/22 22:00,11.35,26.58,deep
6/22/22 22:30,11.29,26.52,deep
6/22/22 23:00,11.27,26.46,deep
6/22/22 23:30,11.17,26.4,deep
6/23/22 0:00,11.19,26.34,deep
6/23/22 0:30,11.12,26.28,deep
6/23/22 1:00,11.12,26.24,deep
6/23/22 1:30,11.02,26.18,deep
6/23/22 2:00,10.85,26.12,deep
6/23/22 2:30,10.92,26.06,deep
6/23/22 3:00,10.79,26,deep
6/23/22 3:30,10.72,25.94,deep
6/23/22 4:00,10.61,25.88,deep
6/23/22 4:30,10.55,25.82,deep
6/23/22 5:00,10.44,25.78,deep
6/23/22 5:30,10.35,25.74,deep
6/23/22 6:00,10.32,25.7,deep
6/23/22 6:30,10.33,25.7,deep
6/23/22 7:00,10.24,25.7,deep
6/23/22 7:30,10.23,25.74,deep
6/23/22 8:00,10.35,25.82,deep
6/23/22 8:30,10.71,25.82,deep
6/23/22 9:00,10.53,25.94,deep
6/23/22 9:30,10.45,26.1,deep
6/23/22 10:00,10.44,26.26,deep
6/23/22 10:30,10.71,26.36,deep
6/23/22 11:00,10.98,26.4,deep
6/23/22 11:30,11.23,26.48,deep
6/23/22 12:00,11.27,26.7,deep
6/23/22 12:30,11.33,26.86,deep
6/23/22 13:00,11.32,27.26,deep
6/23/22 13:30,11.32,27.62,deep
6/23/22 14:00,11.35,27.9,deep
6/23/22 14:30,11.19,28.5,deep
6/23/22 15:00,11.37,28.76,deep
6/23/22 15:30,11.45,28.62,deep
6/23/22 16:00,11.37,28.78,deep
6/23/22 16:30,11.5,28.86,deep
6/23/22 17:00,11.57,28.76,deep
6/23/22 17:30,11.71,28.62,deep
6/23/22 18:00,11.89,28.4,deep
6/23/22 18:30,12.01,28.28,deep
6/23/22 19:00,12.1,28.08,deep
6/23/22 19:30,12.3,27.84,deep
6/23/22 20:00,12.44,27.66,deep
6/23/22 20:30,12.5,27.54,deep
6/23/22 21:00,12.46,27.4,deep
6/23/22 21:30,12.31,27.34,deep
6/23/22 22:00,12.31,27.32,deep
6/23/22 22:30,12.12,27.28,deep
6/23/22 23:00,12.42,27.3,deep
6/23/22 23:30,12.42,27.36,deep
6/24/22 0:00,12.27,27.32,deep
6/24/22 0:30,12.26,27.28,deep
6/24/22 1:00,12.12,27.24,deep
6/24/22 1:30,12.09,27.22,deep
6/24/22 2:00,11.97,27.18,deep
6/24/22 2:30,11.93,27.14,deep
6/24/22 3:00,11.85,27.08,deep
6/24/22 3:30,11.73,27.02,deep
6/24/22 4:00,11.66,26.94,deep
6/24/22 4:30,11.5,26.88,deep
6/24/22 5:00,11.47,26.8,deep
6/24/22 5:30,11.3,26.74,deep
6/24/22 6:00,11.26,26.68,deep
6/24/22 6:30,11.36,26.6,deep
6/24/22 7:00,11.35,26.58,deep
6/24/22 7:30,11.33,26.6,deep
6/24/22 8:00,11.48,26.62,deep
6/24/22 8:30,11.45,26.68,deep
6/24/22 9:00,11.75,26.7,deep
6/24/22 9:30,11.91,26.76,deep
6/24/22 10:00,11.99,26.84,deep
6/24/22 10:30,12.01,26.9,deep
6/24/22 11:00,12.02,26.96,deep
6/24/22 11:30,12.07,27.04,deep
6/24/22 12:00,12.12,27.16,deep
6/24/22 12:30,12.2,27.24,deep
6/24/22 13:00,12.22,27.36,deep
6/24/22 13:30,12.33,27.44,deep
6/24/22 14:00,12.3,27.58,deep
6/24/22 14:30,12.22,27.74,deep
6/24/22 15:00,12.18,27.82,deep
6/24/22 15:30,12.47,27.88,deep
6/24/22 16:00,12.48,28.02,deep
6/24/22 16:30,12.47,28.06,deep
6/24/22 17:00,12.55,28.08,deep
6/24/22 17:30,12.7,28.12,deep
6/24/22 18:00,12.7,28.12,deep
6/24/22 18:30,12.73,28.18,deep
6/24/22 19:00,12.73,28.18,deep
6/24/22 19:30,12.71,28.1,deep
6/24/22 20:00,12.6,28.02,deep
6/24/22 20:30,12.47,27.96,deep
6/24/22 21:00,12.4,27.92,deep
6/24/22 21:30,12.3,27.88,deep
6/24/22 22:00,12.22,27.84,deep
6/24/22 22:30,12.12,27.78,deep
6/24/22 23:00,12.03,27.74,deep
6/24/22 23:30,11.93,27.7,deep
6/25/22 0:00,11.81,27.64,deep
6/25/22 0:30,11.79,27.58,deep
6/25/22 1:00,11.74,27.54,deep
6/25/22 1:30,11.62,27.48,deep
6/25/22 2:00,11.55,27.42,deep
6/25/22 2:30,11.51,27.38,deep
6/25/22 3:00,11.46,27.32,deep
6/25/22 3:30,11.47,27.26,deep
6/25/22 4:00,11.3,27.22,deep
6/25/22 4:30,11.25,27.16,deep
6/25/22 5:00,11.27,27.12,deep
6/25/22 5:30,11.17,27.08,deep
6/25/22 6:00,11.17,27,deep
6/25/22 6:30,11.12,26.96,deep
6/25/22 7:00,11.07,26.9,deep
6/25/22 7:30,10.95,26.84,deep
6/25/22 8:00,10.84,26.78,deep
6/25/22 8:30,10.7,26.74,deep
6/25/22 9:00,10.56,26.7,deep
6/25/22 9:30,10.59,26.64,deep
6/25/22 10:00,10.61,26.62,deep
6/25/22 10:30,10.58,26.58,deep
6/25/22 11:00,10.5,26.56,deep
6/25/22 11:30,10.53,26.5,deep
6/25/22 12:00,10.43,26.42,deep
6/25/22 12:30,10.31,26.38,deep
6/25/22 13:00,10.2,26.36,deep
6/25/22 13:30,10.1,26.34,deep
6/25/22 14:00,10.06,26.32,deep
6/25/22 14:30,10.02,26.3,deep
6/25/22 15:00,9.99,26.28,deep
6/25/22 15:30,9.97,26.28,deep
6/25/22 16:00,10.02,26.28,deep
6/25/22 16:30,10.08,26.26,deep
6/25/22 17:00,10.06,26.24,deep
6/25/22 17:30,10.06,26.22,deep
6/25/22 18:00,10.01,26.22,deep
6/25/22 18:30,9.95,26.18,deep
6/25/22 19:00,9.85,26.18,deep
6/25/22 19:30,9.85,26.16,deep
6/25/22 20:00,9.83,26.14,deep
6/25/22 20:30,9.72,26.12,deep
6/25/22 21:00,9.69,26.08,deep
6/25/22 21:30,9.61,26.06,deep
6/25/22 22:00,9.66,26.04,deep
6/25/22 22:30,9.48,26.02,deep
6/25/22 23:00,9.47,25.96,deep
6/25/22 23:30,9.35,25.96,deep
6/26/22 0:00,9.26,25.92,deep
6/26/22 0:30,9.16,25.9,deep
6/26/22 1:00,9.1,25.86,deep
6/26/22 1:30,9.09,25.82,deep
6/26/22 2:00,9.06,25.78,deep
6/26/22 2:30,8.82,25.76,deep
6/26/22 3:00,8.72,25.72,deep
6/26/22 3:30,8.58,25.66,deep
6/26/22 4:00,8.41,25.62,deep
6/26/22 4:30,8.3,25.56,deep
6/26/22 5:00,8.2,25.48,deep
6/26/22 5:30,8.11,25.42,deep
6/26/22 6:00,7.94,25.36,deep
6/26/22 6:30,7.86,25.3,deep
6/26/22 7:00,7.78,25.28,deep
6/26/22 7:30,7.68,25.24,deep
6/26/22 8:00,7.81,25.2,deep
6/26/22 8:30,7.91,25.18,deep
6/26/22 9:00,8.04,25.18,deep
6/26/22 9:30,8.17,25.2,deep
6/26/22 10:00,8.34,25.22,deep
6/26/22 10:30,8.34,25.26,deep
6/26/22 11:00,8.39,25.28,deep
6/26/22 11:30,8.58,25.36,deep
6/26/22 12:00,8.71,25.42,deep
6/26/22 12:30,8.8,25.46,deep
6/26/22 13:00,8.92,25.5,deep
6/26/22 13:30,9.02,25.54,deep
6/26/22 14:00,9.23,25.6,deep
6/26/22 14:30,9.24,25.64,deep
6/26/22 15:00,9.25,25.68,deep
6/26/22 15:30,9.25,25.7,deep
6/26/22 16:00,9.26,25.72,deep
6/26/22 16:30,9.24,25.72,deep
6/26/22 17:00,9.34,25.76,deep
6/26/22 17:30,9.4,25.74,deep
6/26/22 18:00,9.34,25.68,deep
6/26/22 18:30,9.39,25.66,deep
6/26/22 19:00,9.37,25.62,deep
6/26/22 19:30,9.33,25.58,deep
6/26/22 20:00,9.24,25.52,deep
6/26/22 20:30,9.25,25.48,deep
6/26/22 21:00,9.14,25.42,deep
6/26/22 21:30,9.06,25.38,deep
6/26/22 22:00,8.99,25.36,deep
6/26/22 22:30,8.9,25.34,deep
6/26/22 23:00,8.81,25.28,deep
6/26/22 23:30,8.72,25.24,deep
6/27/22 0:00,8.57,25.2,deep
6/27/22 0:30,8.51,25.14,deep
6/27/22 1:00,8.36,25.12,deep
6/27/22 1:30,8.37,25.06,deep
6/27/22 2:00,8.19,25.02,deep
6/27/22 2:30,8.03,24.96,deep
6/27/22 3:00,8.08,24.9,deep
6/27/22 3:30,7.87,24.86,deep
6/27/22 4:00,7.84,24.8,deep
6/27/22 4:30,7.78,24.78,deep
6/27/22 5:00,7.7,24.7,deep
6/27/22 5:30,7.59,24.68,deep
6/27/22 6:00,7.56,24.66,deep
6/27/22 6:30,7.47,24.62,deep
6/27/22 7:00,7.49,24.6,deep
6/27/22 7:30,7.5,24.58,deep
6/27/22 8:00,7.58,24.56,deep
6/27/22 8:30,7.67,24.56,deep
6/27/22 9:00,7.71,24.58,deep
6/27/22 9:30,7.86,24.64,deep
6/27/22 10:00,8.01,24.68,deep
6/27/22 10:30,8.27,24.74,deep
6/27/22 11:00,8.37,24.8,deep
6/27/22 11:30,8.48,24.82,deep
6/27/22 12:00,8.58,24.9,deep
6/27/22 12:30,8.68,24.96,deep
6/27/22 13:00,8.79,25.04,deep
6/27/22 13:30,8.91,25.12,deep
6/27/22 14:00,9.02,25.16,deep
6/27/22 14:30,9.16,25.24,deep
6/27/22 15:00,9.27,25.36,deep
6/27/22 15:30,9.43,25.4,deep
6/27/22 16:00,9.52,25.44,deep
6/27/22 16:30,9.7,25.48,deep
6/27/22 17:00,9.78,25.5,deep
6/27/22 17:30,9.94,25.54,deep
6/27/22 18:00,10,25.52,deep
6/27/22 18:30,10.05,25.48,deep
6/27/22 19:00,10.07,25.44,deep
6/27/22 19:30,10.1,25.38,deep
6/27/22 20:00,10.01,25.34,deep
6/27/22 20:30,9.84,25.28,deep
6/27/22 21:00,9.78,25.26,deep
6/27/22 21:30,9.75,25.2,deep
6/27/22 22:00,9.64,25.14,deep
6/27/22 22:30,9.5,25.1,deep
6/27/22 23:00,9.33,25,deep
6/27/22 23:30,9.22,24.96,deep
6/28/22 0:00,9.18,24.92,deep
6/28/22 0:30,9.1,24.86,deep
6/28/22 1:00,9.05,24.8,deep
6/28/22 1:30,8.99,24.78,deep
6/28/22 2:00,8.9,24.72,deep
6/28/22 2:30,8.85,24.68,deep
6/28/22 3:00,8.82,24.64,deep
6/28/22 3:30,8.73,24.58,deep
6/28/22 4:00,8.71,24.54,deep
6/28/22 4:30,8.7,24.52,deep
6/28/22 5:00,8.64,24.48,deep
6/28/22 5:30,8.66,24.42,deep
6/28/22 6:00,8.64,24.38,deep
6/28/22 6:30,8.62,24.34,deep
6/28/22 7:00,8.56,24.36,deep
6/28/22 7:30,8.54,24.38,deep
6/28/22 8:00,8.64,24.4,deep
6/28/22 8:30,8.68,24.42,deep
6/28/22 9:00,8.81,24.44,deep
6/28/22 9:30,8.9,24.52,deep
6/28/22 10:00,8.97,24.6,deep
6/28/22 10:30,9.16,24.66,deep
6/28/22 11:00,9.28,24.76,deep
6/28/22 11:30,9.45,24.8,deep
6/28/22 12:00,9.51,24.78,deep
6/28/22 12:30,9.59,24.84,deep
6/28/22 13:00,9.66,24.88,deep
6/28/22 13:30,9.7,24.92,deep
6/28/22 14:00,9.76,25,deep
6/28/22 14:30,9.84,25.04,deep
6/28/22 15:00,9.91,25.1,deep
6/28/22 15:30,10.01,25.08,deep
6/28/22 16:00,10.05,25.12,deep
6/28/22 16:30,10.11,25.18,deep
6/28/22 17:00,10.19,25.2,deep
6/28/22 17:30,10.22,25.18,deep
6/28/22 18:00,10.25,25.18,deep
6/28/22 18:30,10.24,25.16,deep
6/28/22 19:00,10.24,25.14,deep
6/28/22 19:30,10.21,25.1,deep
6/28/22 20:00,10.18,25.08,deep
6/28/22 20:30,10.12,25.04,deep
6/28/22 21:00,10.06,25,deep
6/28/22 21:30,9.97,24.98,deep
6/28/22 22:00,9.92,24.94,deep
6/28/22 22:30,9.81,24.94,deep
6/28/22 23:00,9.78,24.92,deep
6/28/22 23:30,9.77,24.9,deep
6/29/22 0:00,9.62,24.86,deep
6/29/22 0:30,9.55,24.82,deep
6/29/22 1:00,9.41,24.76,deep
6/29/22 1:30,9.26,24.74,deep
6/29/22 2:00,9.09,24.7,deep
6/29/22 2:30,9.01,24.66,deep
6/29/22 3:00,8.82,24.64,deep
6/29/22 3:30,8.69,24.62,deep
6/29/22 4:00,8.69,24.58,deep
6/29/22 4:30,8.5,24.56,deep
6/29/22 5:00,8.44,24.54,deep
6/29/22 5:30,8.12,24.5,deep
6/29/22 6:00,8.09,24.48,deep
6/29/22 6:30,7.89,24.46,deep
6/29/22 7:00,8.01,24.48,deep
6/29/22 7:30,8,24.56,deep
6/29/22 8:00,8.12,24.64,deep
6/29/22 8:30,8.56,24.74,deep
6/29/22 9:00,8.81,24.86,deep
6/29/22 9:30,9,24.86,deep
6/29/22 10:00,9.12,25.04,deep
6/29/22 10:30,9.29,25.24,deep
6/29/22 11:00,9.51,25.44,deep
6/29/22 11:30,9.66,25.62,deep
6/29/22 12:00,9.82,25.7,deep
6/29/22 12:30,10.01,25.82,deep
6/29/22 13:00,10,25.92,deep
6/29/22 13:30,10.01,26.58,deep
6/29/22 14:00,10.05,26.88,deep
6/29/22 14:30,10.21,27.08,deep
6/29/22 15:00,10.44,27.06,deep
6/29/22 15:30,10.61,27.12,deep
6/29/22 16:00,11.08,27.24,deep
6/29/22 16:30,11.31,27.44,deep
6/29/22 17:00,11.19,27.46,deep
6/29/22 17:30,11.18,27.58,deep
6/29/22 18:00,11.03,27.54,deep
6/29/22 18:30,11.02,27.52,deep
6/29/22 19:00,11.08,27.48,deep
6/29/22 19:30,11.06,27.42,deep
6/29/22 20:00,10.96,27.34,deep
6/29/22 20:30,10.79,27.26,deep
6/29/22 21:00,10.75,27.18,deep
6/29/22 21:30,10.73,27.12,deep
6/29/22 22:00,10.69,27.08,deep
6/29/22 22:30,10.67,27.04,deep
6/29/22 23:00,10.69,26.98,deep
6/29/22 23:30,10.75,26.88,deep
6/30/22 0:00,10.66,26.76,deep
6/30/22 0:30,10.67,26.62,deep
6/30/22 1:00,10.69,26.48,deep
6/30/22 1:30,10.62,26.28,deep
6/30/22 2:00,10.58,26.02,deep
6/30/22 2:30,10.57,25.76,deep
6/30/22 3:00,10.53,25.56,deep
6/30/22 3:30,10.49,25.48,deep
6/30/22 4:00,10.4,25.52,deep
6/30/22 4:30,10.34,25.62,deep
6/30/22 5:00,10.35,25.64,deep
6/30/22 5:30,10.29,25.58,deep
6/30/22 6:00,10.24,25.52,deep
6/30/22 6:30,10.25,25.52,deep
6/30/22 7:00,10.24,25.52,deep
6/30/22 7:30,10.25,25.46,deep
6/30/22 8:00,10.2,25.42,deep
6/30/22 8:30,10.2,25.38,deep
6/30/22 9:00,10.22,25.36,deep
6/30/22 9:30,10.16,25.38,deep
6/30/22 10:00,10.11,25.38,deep
6/30/22 10:30,10.12,25.44,deep
6/30/22 11:00,10.25,25.56,deep
6/30/22 11:30,10.39,25.64,deep
6/30/22 12:00,10.41,25.66,deep
6/30/22 12:30,10.5,25.6,deep
6/30/22 13:00,10.55,25.66,deep
6/30/22 13:30,10.65,25.8,deep
6/30/22 14:00,10.69,25.86,deep
6/30/22 14:30,10.75,25.92,deep
6/30/22 15:00,10.83,26,deep
6/30/22 15:30,10.92,26.06,deep
6/30/22 16:00,10.93,26.08,deep
6/30/22 16:30,10.96,26.1,deep
6/30/22 17:00,10.96,26.12,deep
6/30/22 17:30,10.98,26.12,deep
6/30/22 18:00,10.99,26.12,deep
6/30/22 18:30,11,26.12,deep
6/30/22 19:00,10.96,26.08,deep
6/30/22 19:30,10.89,26.04,deep
6/30/22 20:00,10.86,26,deep
6/30/22 20:30,10.79,25.96,deep
6/30/22 21:00,10.74,25.92,deep
6/30/22 21:30,10.6,25.88,deep
6/30/22 22:00,10.49,25.84,deep
6/30/22 22:30,10.42,25.78,deep
6/30/22 23:00,10.28,25.76,deep
6/30/22 23:30,10.15,25.74,deep
7/1/22 0:00,10.08,25.68,deep
7/1/22 0:30,9.97,25.66,deep
7/1/22 1:00,9.89,25.62,deep
7/1/22 1:30,9.78,25.62,deep
7/1/22 2:00,9.74,25.56,deep
7/1/22 2:30,9.67,25.56,deep
7/1/22 3:00,9.58,25.54,deep
7/1/22 3:30,9.43,25.52,deep
7/1/22 4:00,9.31,25.52,deep
7/1/22 4:30,9.33,25.48,deep
7/1/22 5:00,9.24,25.44,deep
7/1/22 5:30,9.16,25.42,deep
7/1/22 6:00,9.08,25.36,deep
7/1/22 6:30,9.05,25.34,deep
7/1/22 7:00,9.01,25.32,deep
7/1/22 7:30,9.04,25.32,deep
7/1/22 8:00,9.04,25.32,deep
7/1/22 8:30,9.08,25.34,deep
7/1/22 9:00,9.2,25.34,deep
7/1/22 9:30,9.24,25.38,deep
7/1/22 10:00,9.27,25.4,deep
7/1/22 10:30,9.4,25.38,deep
7/1/22 11:00,9.52,25.54,deep
7/1/22 11:30,9.68,25.76,deep
7/1/22 12:00,9.75,25.9,deep
7/1/22 12:30,9.84,26,deep
7/1/22 13:00,9.99,26.02,deep
7/1/22 13:30,10.08,26.02,deep
7/1/22 14:00,10.2,26,deep
7/1/22 14:30,10.28,26.1,deep
7/1/22 15:00,10.36,26.12,deep
7/1/22 15:30,10.46,26.08,deep
7/1/22 16:00,10.5,26.1,deep
7/1/22 16:30,10.57,26.08,deep
7/1/22 17:00,10.69,26.16,deep
7/1/22 17:30,10.77,26.18,deep
7/1/22 18:00,10.81,26.16,deep
7/1/22 18:30,10.82,26.14,deep
7/1/22 19:00,10.81,26.1,deep
7/1/22 19:30,10.77,26.04,deep
7/1/22 20:00,10.73,25.96,deep
7/1/22 20:30,10.65,25.92,deep
7/1/22 21:00,10.54,25.88,deep
7/1/22 21:30,10.5,25.86,deep
7/1/22 22:00,10.41,25.8,deep
7/1/22 22:30,10.34,25.76,deep
7/1/22 23:00,10.24,25.74,deep
7/1/22 23:30,10.21,25.68,deep
7/2/22 0:00,10.16,25.62,deep
7/2/22 0:30,10.16,25.58,deep
7/2/22 1:00,10.08,25.56,deep
7/2/22 1:30,9.99,25.48,deep
7/2/22 2:00,9.78,25.44,deep
7/2/22 2:30,9.79,25.38,deep
7/2/22 3:00,9.79,25.32,deep
7/2/22 3:30,9.72,25.24,deep
7/2/22 4:00,9.6,25.2,deep
7/2/22 4:30,9.52,25.16,deep
7/2/22 5:00,9.46,25.12,deep
7/2/22 5:30,9.4,25.08,deep
7/2/22 6:00,9.37,25.04,deep
7/2/22 6:30,9.25,25.04,deep
7/2/22 7:00,9.25,25.02,deep
7/2/22 7:30,9.07,25.06,deep
7/2/22 8:00,9.29,25.08,deep
7/2/22 8:30,9.44,25.14,deep
7/2/22 9:00,9.48,25.22,deep
7/2/22 9:30,9.55,25.32,deep
7/2/22 10:00,9.66,25.38,deep
7/2/22 10:30,9.74,25.56,deep
7/2/22 11:00,9.86,25.58,deep
7/2/22 11:30,9.94,25.68,deep
7/2/22 12:00,10.07,25.74,deep
7/2/22 12:30,10.25,25.74,deep
7/2/22 13:00,10.3,25.8,deep
7/2/22 13:30,10.41,25.82,deep
7/2/22 14:00,10.72,25.88,deep
7/2/22 14:30,10.76,26.04,deep
7/2/22 15:00,10.72,26.16,deep
7/2/22 15:30,10.74,26.16,deep
7/2/22 16:00,10.87,26.04,deep
7/2/22 16:30,10.96,26.04,deep
7/2/22 17:00,10.92,25.96,deep
7/2/22 17:30,10.86,25.86,deep
7/2/22 18:00,10.8,25.76,deep
7/2/22 18:30,10.69,25.66,deep
7/2/22 19:00,10.62,25.62,deep
7/2/22 19:30,10.6,25.6,deep
7/2/22 20:00,10.53,25.58,deep
7/2/22 20:30,10.53,25.56,deep
7/2/22 21:00,10.44,25.58,deep
7/2/22 21:30,10.41,25.54,deep
7/2/22 22:00,10.37,25.5,deep
7/2/22 22:30,10.32,25.48,deep
7/2/22 23:00,10.23,25.44,deep
7/2/22 23:30,10.18,25.42,deep
7/3/22 0:00,10.08,25.38,deep
7/3/22 0:30,10.11,25.34,deep
7/3/22 1:00,10.06,25.3,deep
7/3/22 1:30,9.92,25.28,deep
7/3/22 2:00,9.92,25.24,deep
7/3/22 2:30,9.93,25.2,deep
7/3/22 3:00,9.79,25.16,deep
7/3/22 3:30,9.8,25.14,deep
7/3/22 4:00,9.79,25.1,deep
7/3/22 4:30,9.77,25.06,deep
7/3/22 5:00,9.7,25.02,deep
7/3/22 5:30,9.58,24.98,deep
7/3/22 6:00,9.47,24.94,deep
7/3/22 6:30,9.44,24.94,deep
7/3/22 7:00,9.69,24.94,deep
7/3/22 7:30,9.58,24.96,deep
7/3/22 8:00,9.81,25,deep
7/3/22 8:30,9.6,25.12,deep
7/3/22 9:00,9.97,25.26,deep
7/3/22 9:30,9.97,25.4,deep
7/3/22 10:00,10.02,25.58,deep
7/3/22 10:30,10.05,25.72,deep
7/3/22 11:00,10.17,25.84,deep
7/3/22 11:30,10.36,26.1,deep
7/3/22 12:00,10.11,26.46,deep
7/3/22 12:30,10.06,26.76,deep
7/3/22 13:00,10.15,26.84,deep
7/3/22 13:30,10.11,26.96,deep
7/3/22 14:00,10.06,27.34,deep
7/3/22 14:30,10.25,27.48,deep
7/3/22 15:00,10.39,27.46,deep
7/3/22 15:30,10.48,27.64,deep
7/3/22 16:00,10.65,27.72,deep
7/3/22 16:30,10.8,27.74,deep
7/3/22 17:00,11.02,27.56,deep
7/3/22 17:30,11.27,27.34,deep
7/3/22 18:00,11.57,27.04,deep
7/3/22 18:30,11.81,26.7,deep
7/3/22 19:00,11.86,26.56,deep
7/3/22 19:30,11.96,26.44,deep
7/3/22 20:00,11.77,26.38,deep
7/3/22 20:30,11.62,26.36,deep
7/3/22 21:00,11.43,26.38,deep
7/3/22 21:30,11.7,26.56,deep
7/3/22 22:00,11.6,26.66,deep
7/3/22 22:30,10.9,26.7,deep
7/3/22 23:00,10.77,26.7,deep
7/3/22 23:30,10.61,26.66,deep
7/4/22 0:00,10.87,26.62,deep
7/4/22 0:30,10.6,26.58,deep
7/4/22 1:00,10.52,26.52,deep
7/4/22 1:30,10.44,26.48,deep
7/4/22 2:00,10.21,26.42,deep
7/4/22 2:30,10.56,26.36,deep
7/4/22 3:00,10.56,26.3,deep
7/4/22 3:30,10.48,26.26,deep
7/4/22 4:00,10.45,26.18,deep
7/4/22 4:30,10.35,26.14,deep
7/4/22 5:00,10.44,26.08,deep
7/4/22 5:30,10.22,26.04,deep
7/4/22 6:00,10.31,26,deep
7/4/22 6:30,10.03,25.96,deep
7/4/22 7:00,10.23,25.94,deep
7/4/22 7:30,10.33,25.96,deep
7/4/22 8:00,10.37,25.96,deep
7/4/22 8:30,10.54,26,deep
7/4/22 9:00,10.8,25.96,deep
7/4/22 9:30,10.84,25.96,deep
7/4/22 10:00,10.99,25.96,deep
7/4/22 10:30,11.07,25.9,deep
7/4/22 11:00,11.15,25.9,deep
7/4/22 11:30,11.17,25.88,deep
7/4/22 12:00,11.31,25.86,deep
7/4/22 12:30,11.17,25.8,deep
7/4/22 13:00,11.18,25.74,deep
7/4/22 13:30,11.16,25.74,deep
7/4/22 14:00,11.15,25.7,deep
7/4/22 14:30,11.27,25.64,deep
7/4/22 15:00,11.44,25.68,deep
7/4/22 15:30,11.45,25.74,deep
7/4/22 16:00,11.46,25.88,deep
7/4/22 16:30,11.5,25.84,deep
7/4/22 17:00,11.54,25.86,deep
7/4/22 17:30,11.61,25.88,deep
7/4/22 18:00,11.51,25.86,deep
7/4/22 18:30,11.47,25.84,deep
7/4/22 19:00,11.68,25.94,deep
7/4/22 19:30,11.67,25.94,deep
7/4/22 20:00,11.51,25.9,deep
7/4/22 20:30,11.45,25.86,deep
7/4/22 21:00,11.16,25.84,deep
7/4/22 21:30,11.07,25.82,deep
7/4/22 22:00,11.22,25.8,deep
7/4/22 22:30,11.06,25.78,deep
7/4/22 23:00,10.74,25.76,deep
7/4/22 23:30,10.77,25.74,deep
7/5/22 0:00,10.81,25.72,deep
7/5/22 0:30,10.71,25.7,deep
7/5/22 1:00,10.53,25.68,deep
7/5/22 1:30,10.59,25.66,deep
7/5/22 2:00,10.48,25.64,deep
7/5/22 2:30,10.42,25.62,deep
7/5/22 3:00,10.31,25.62,deep
7/5/22 3:30,10.24,25.62,deep
7/5/22 4:00,10.25,25.6,deep
7/5/22 4:30,10.16,25.58,deep
7/5/22 5:00,10.19,25.56,deep
7/5/22 5:30,10.18,25.54,deep
7/5/22 6:00,10.09,25.52,deep
7/5/22 6:30,10.25,25.52,deep
7/5/22 7:00,10.25,25.56,deep
7/5/22 7:30,10.43,25.6,deep
7/5/22 8:00,10.48,25.68,deep
7/5/22 8:30,10.42,25.78,deep
7/5/22 9:00,10.62,25.84,deep
7/5/22 9:30,10.77,25.96,deep
7/5/22 10:00,10.82,26.06,deep
7/5/22 10:30,11.07,26.22,deep
7/5/22 11:00,10.92,26.42,deep
7/5/22 11:30,10.93,26.42,deep
7/5/22 12:00,11.14,26.32,deep
7/5/22 12:30,11,26.4,deep
7/5/22 13:00,11.18,26.4,deep
7/5/22 13:30,11.31,26.38,deep
7/5/22 14:00,11.27,26.54,deep
7/5/22 14:30,11.27,26.82,deep
7/5/22 15:00,11.22,27.04,deep
7/5/22 15:30,11.14,27.24,deep
7/5/22 16:00,11.27,27.28,deep
7/5/22 16:30,11.31,27.32,deep
7/5/22 17:00,11.41,27.4,deep
7/5/22 17:30,11.53,27.34,deep
7/5/22 18:00,11.52,27.3,deep
7/5/22 18:30,11.47,27.28,deep
7/5/22 19:00,11.57,27.2,deep
7/5/22 19:30,11.68,27.22,deep
7/5/22 20:00,11.26,27.08,deep
7/5/22 20:30,10.96,27.04,deep
7/5/22 21:00,10.82,26.98,deep
7/5/22 21:30,10.89,26.96,deep
7/5/22 22:00,10.82,26.9,deep
7/5/22 22:30,10.68,26.86,deep
7/5/22 23:00,10.64,26.82,deep
7/5/22 23:30,10.66,26.8,deep
7/6/22 0:00,10.35,26.8,deep
7/6/22 0:30,10.23,26.8,deep
7/6/22 1:00,10.27,26.8,deep
7/6/22 1:30,10.26,26.74,deep
7/6/22 2:00,10.32,26.66,deep
7/6/22 2:30,10.24,26.6,deep
7/6/22 3:00,10.12,26.6,deep
7/6/22 3:30,10.06,26.56,deep
7/6/22 4:00,10.01,26.52,deep
7/6/22 4:30,9.91,26.46,deep
7/6/22 5:00,9.86,26.4,deep
7/6/22 5:30,9.89,26.34,deep
7/6/22 6:00,9.86,26.28,deep
7/6/22 6:30,9.85,26.22,deep
7/6/22 7:00,9.89,26.22,deep
7/6/22 7:30,9.91,26.18,deep
7/6/22 8:00,9.93,26.16,deep
7/6/22 8:30,9.99,26.18,deep
7/6/22 9:00,10.14,26.18,deep
7/6/22 9:30,10.24,26.16,deep
7/6/22 10:00,10.42,26.18,deep
7/6/22 10:30,10.5,26.22,deep
7/6/22 11:00,10.48,26.36,deep
7/6/22 11:30,10.53,26.46,deep
7/6/22 12:00,10.62,26.5,deep
7/6/22 12:30,10.7,26.56,deep
7/6/22 13:00,10.76,26.7,deep
7/6/22 13:30,10.77,26.76,deep
7/6/22 14:00,10.75,26.74,deep
7/6/22 14:30,10.7,26.72,deep
7/6/22 15:00,10.69,26.72,deep
7/6/22 15:30,10.82,26.76,deep
7/6/22 16:00,11.05,26.74,deep
7/6/22 16:30,11.33,26.74,deep
7/6/22 17:00,11.53,26.72,deep
7/6/22 17:30,11.59,26.82,deep
7/6/22 18:00,11.55,26.84,deep
7/6/22 18:30,11.39,26.8,deep
7/6/22 19:00,11.5,26.76,deep
7/6/22 19:30,11.49,26.7,deep
7/6/22 20:00,11.36,26.68,deep
7/6/22 20:30,11.09,26.7,deep
7/6/22 21:00,11.17,26.68,deep
7/6/22 21:30,11.15,26.62,deep
7/6/22 22:00,11.09,26.58,deep
7/6/22 22:30,11.04,26.54,deep
7/6/22 23:00,10.87,26.48,deep
7/6/22 23:30,10.83,26.44,deep
7/7/22 0:00,10.67,26.38,deep
7/7/22 0:30,10.59,26.32,deep
7/7/22 1:00,10.54,26.28,deep
7/7/22 1:30,10.59,26.24,deep
7/7/22 2:00,10.62,26.22,deep
7/7/22 2:30,10.66,26.18,deep
7/7/22 3:00,10.34,26.18,deep
7/7/22 3:30,10.51,26.16,deep
7/7/22 4:00,10.17,26.12,deep
7/7/22 4:30,10.35,26.1,deep
7/7/22 5:00,10.09,26.08,deep
7/7/22 5:30,10.17,26.04,deep
7/7/22 6:00,10.27,26.02,deep
7/7/22 6:30,10.08,26,deep
7/7/22 7:00,9.41,26.02,deep
7/7/22 7:30,9.72,26.06,deep
7/7/22 8:00,10.25,26.08,deep
7/7/22 8:30,9.85,26.16,deep
7/7/22 9:00,10.45,26.2,deep
7/7/22 9:30,10.48,26.28,deep
7/7/22 10:00,10.54,26.4,deep
7/7/22 10:30,10.25,26.6,deep
7/7/22 11:00,10.5,26.68,deep
7/7/22 11:30,10.71,26.8,deep
7/7/22 12:00,10.86,26.84,deep
7/7/22 12:30,10.89,27,deep
7/7/22 13:00,10.83,26.96,deep
7/7/22 13:30,11.07,26.94,deep
7/7/22 14:00,11.19,27.12,deep
7/7/22 14:30,11.12,27.06,deep
7/7/22 15:00,11.21,27.34,deep
7/7/22 15:30,11.23,27.62,deep
7/7/22 16:00,11.55,27.78,deep
7/7/22 16:30,11.59,27.98,deep
7/7/22 17:00,11.57,28.18,deep
7/7/22 17:30,11.78,28.16,deep
7/7/22 18:00,12.03,28.02,deep
7/7/22 18:30,12.09,27.96,deep
7/7/22 19:00,12.08,27.92,deep
7/7/22 19:30,12.06,27.86,deep
7/7/22 20:00,12.08,27.8,deep
7/7/22 20:30,12.08,27.74,deep
7/7/22 21:00,11.66,27.72,deep
7/7/22 21:30,11.57,27.84,deep
7/7/22 22:00,11.56,27.86,deep
7/7/22 22:30,11.48,27.78,deep
7/7/22 23:00,11.37,27.74,deep
7/7/22 23:30,11.33,27.7,deep
7/8/22 0:00,11.42,27.68,deep
7/8/22 0:30,11.07,27.64,deep
7/8/22 1:00,11.23,27.64,deep
7/8/22 1:30,11.02,27.58,deep
7/8/22 2:00,11.04,27.56,deep
7/8/22 2:30,11,27.54,deep
7/8/22 3:00,11.01,27.48,deep
7/8/22 3:30,11.01,27.44,deep
7/8/22 4:00,10.98,27.38,deep
7/8/22 4:30,11.07,27.34,deep
7/8/22 5:00,11.06,27.26,deep
7/8/22 5:30,10.92,27.2,deep
7/8/22 6:00,10.82,27.16,deep
7/8/22 6:30,10.9,27.1,deep
7/8/22 7:00,10.83,27.06,deep
7/8/22 7:30,10.84,27.02,deep
7/8/22 8:00,10.98,26.96,deep
7/8/22 8:30,10.87,26.88,deep
7/8/22 9:00,10.76,26.78,deep
7/8/22 9:30,10.65,26.66,deep
7/8/22 10:00,10.49,26.56,deep
7/8/22 10:30,10.25,26.48,deep
7/8/22 11:00,9.97,26.44,deep
7/8/22 11:30,9.9,26.44,deep
7/8/22 12:00,9.81,26.44,deep
7/8/22 12:30,9.97,26.46,deep
7/8/22 13:00,10.5,26.5,deep